Station_name,State,District,Agency_name,Date,level,lat,long,Telemetry,Year
Vepery,Tamil Nadu,Chennai,CGWB,2000-01-05,3.28,13.08333333,80.27083333,2,2000
Guindy(CLRI),Tamil Nadu,Chennai,CGWB,2000-01-05,5.44,13.02222222,80.225,2,2000
Alwarpet,Tamil Nadu,Chennai,CGWB,2000-01-05,2.87,13.025,80.25833333,2,2000
K.K.Nagar,Tamil Nadu,Chennai,CGWB,2000-01-05,2.91,13.04166667,80.20833333,2,2000
K.K.Nagar,Tamil Nadu,Chennai,CGWB,2000-05-15,3.86,13.04166667,80.20833333,2,2000
Vepery,Tamil Nadu,Chennai,CGWB,2000-05-15,6.96,13.08333333,80.27083333,2,2000
Guindy(CLRI),Tamil Nadu,Chennai,CGWB,2000-05-15,7.05,13.02222222,80.225,2,2000
Alwarpet,Tamil Nadu,Chennai,CGWB,2000-05-15,3.71,13.025,80.25833333,2,2000
Vepery,Tamil Nadu,Chennai,CGWB,2000-08-25,5.9,13.08333333,80.27083333,2,2000
K.K.Nagar,Tamil Nadu,Chennai,CGWB,2000-08-25,4.1,13.04166667,80.20833333,2,2000
Alwarpet,Tamil Nadu,Chennai,CGWB,2000-08-25,3.77,13.025,80.25833333,2,2000
Guindy(CLRI),Tamil Nadu,Chennai,CGWB,2000-11-05,7.95,13.02222222,80.225,2,2000
Vepery,Tamil Nadu,Chennai,CGWB,2000-11-05,5.37,13.08333333,80.27083333,2,2000
K.K.Nagar,Tamil Nadu,Chennai,CGWB,2000-11-05,3.78,13.04166667,80.20833333,2,2000
Alwarpet,Tamil Nadu,Chennai,CGWB,2000-11-05,3.4,13.025,80.25833333,2,2000
Alwarpet,Tamil Nadu,Chennai,CGWB,2001-01-05,4.05,13.025,80.25833333,2,2001
Guindy(CLRI),Tamil Nadu,Chennai,CGWB,2001-01-05,7.6,13.02222222,80.225,2,2001
K.K.Nagar,Tamil Nadu,Chennai,CGWB,2001-01-05,4.77,13.04166667,80.20833333,2,2001
Vepery,Tamil Nadu,Chennai,CGWB,2001-01-05,6.27,13.08333333,80.27083333,2,2001
Vepery,Tamil Nadu,Chennai,CGWB,2001-05-15,6.59,13.08333333,80.27083333,2,2001
K.K.Nagar,Tamil Nadu,Chennai,CGWB,2001-05-15,10.44,13.04166667,80.20833333,2,2001
Alwarpet,Tamil Nadu,Chennai,CGWB,2001-05-15,3.79,13.025,80.25833333,2,2001
Guindy(CLRI),Tamil Nadu,Chennai,CGWB,2001-05-15,9.16,13.02222222,80.225,2,2001
Vepery,Tamil Nadu,Chennai,CGWB,2001-08-25,6.49,13.08333333,80.27083333,2,2001
K.K.Nagar,Tamil Nadu,Chennai,CGWB,2001-08-25,6.34,13.04166667,80.20833333,2,2001
Alwarpet,Tamil Nadu,Chennai,CGWB,2001-08-25,4.17,13.025,80.25833333,2,2001
Vepery,Tamil Nadu,Chennai,CGWB,2001-11-05,4.6,13.08333333,80.27083333,2,2001
Alwarpet,Tamil Nadu,Chennai,CGWB,2001-11-05,2.87,13.025,80.25833333,2,2001
K.K.Nagar,Tamil Nadu,Chennai,CGWB,2001-11-05,3.7,13.04166667,80.20833333,2,2001
Alwarpet,Tamil Nadu,Chennai,CGWB,2002-01-05,2.99,13.025,80.25833333,2,2002
K.K.Nagar,Tamil Nadu,Chennai,CGWB,2002-01-05,2.9,13.04166667,80.20833333,2,2002
Vepery,Tamil Nadu,Chennai,CGWB,2002-01-05,5.1,13.08333333,80.27083333,2,2002
Alwarpet,Tamil Nadu,Chennai,CGWB,2002-05-15,3.73,13.025,80.25833333,2,2002
Vepery,Tamil Nadu,Chennai,CGWB,2002-05-15,4.55,13.08333333,80.27083333,2,2002
K.K.Nagar,Tamil Nadu,Chennai,CGWB,2002-05-15,4.05,13.04166667,80.20833333,2,2002
Alwarpet,Tamil Nadu,Chennai,CGWB,2002-08-25,3.39,13.025,80.25833333,2,2002
K.K.Nagar,Tamil Nadu,Chennai,CGWB,2002-08-25,3.52,13.04166667,80.20833333,2,2002
Vepery,Tamil Nadu,Chennai,CGWB,2002-08-25,3.1,13.08333333,80.27083333,2,2002
Alwarpet,Tamil Nadu,Chennai,CGWB,2002-11-05,3.47,13.025,80.25833333,2,2002
K.K.Nagar,Tamil Nadu,Chennai,CGWB,2002-11-05,1.3,13.04166667,80.20833333,2,2002
Guindy(CLRI),Tamil Nadu,Chennai,CGWB,2002-11-05,4.2,13.02222222,80.225,2,2002
Vepery,Tamil Nadu,Chennai,CGWB,2002-11-05,0.1,13.08333333,80.27083333,2,2002
Vepery,Tamil Nadu,Chennai,CGWB,2003-05-15,3.05,13.08333333,80.27083333,2,2003
K.K.Nagar,Tamil Nadu,Chennai,CGWB,2003-05-15,3.88,13.04166667,80.20833333,2,2003
Alwarpet,Tamil Nadu,Chennai,CGWB,2003-05-15,4.78,13.025,80.25833333,2,2003
Guindy(CLRI),Tamil Nadu,Chennai,CGWB,2003-05-15,8.45,13.02222222,80.225,2,2003
K.K.Nagar,Tamil Nadu,Chennai,CGWB,2003-08-25,3.5,13.04166667,80.20833333,2,2003
Guindy(CLRI),Tamil Nadu,Chennai,CGWB,2003-08-25,8.74,13.02222222,80.225,2,2003
Alwarpet,Tamil Nadu,Chennai,CGWB,2003-08-25,5.6,13.025,80.25833333,2,2003
Vepery,Tamil Nadu,Chennai,CGWB,2003-08-25,3.12,13.08333333,80.27083333,2,2003
K.K.Nagar,Tamil Nadu,Chennai,CGWB,2003-11-05,5.9,13.04166667,80.20833333,2,2003
Guindy(CLRI),Tamil Nadu,Chennai,CGWB,2003-11-05,9.19,13.02222222,80.225,2,2003
Alwarpet,Tamil Nadu,Chennai,CGWB,2003-11-05,2.87,13.025,80.25833333,2,2003
Vepery,Tamil Nadu,Chennai,CGWB,2003-11-05,2.7,13.08333333,80.27083333,2,2003
Vepery,Tamil Nadu,Chennai,CGWB,2004-01-05,3.1,13.08333333,80.27083333,2,2004
K.K.Nagar,Tamil Nadu,Chennai,CGWB,2004-01-05,7.0,13.04166667,80.20833333,2,2004
Guindy(CLRI),Tamil Nadu,Chennai,CGWB,2004-01-05,10.4,13.02222222,80.225,2,2004
Alwarpet,Tamil Nadu,Chennai,CGWB,2004-01-05,6.5,13.025,80.25833333,2,2004
Vepery,Tamil Nadu,Chennai,CGWB,2004-05-15,6.11,13.08333333,80.27083333,2,2004
Alwarpet,Tamil Nadu,Chennai,CGWB,2004-05-15,8.2,13.025,80.25833333,2,2004
Guindy(CLRI),Tamil Nadu,Chennai,CGWB,2004-05-15,5.81,13.02222222,80.225,2,2004
K.K.Nagar,Tamil Nadu,Chennai,CGWB,2004-05-15,7.8,13.04166667,80.20833333,2,2004
K.K.Nagar,Tamil Nadu,Chennai,CGWB,2004-08-25,7.8,13.04166667,80.20833333,2,2004
Guindy(CLRI),Tamil Nadu,Chennai,CGWB,2004-08-25,10.04,13.02222222,80.225,2,2004
Alwarpet,Tamil Nadu,Chennai,CGWB,2004-08-25,4.06,13.025,80.25833333,2,2004
Vepery,Tamil Nadu,Chennai,CGWB,2004-08-25,5.03,13.08333333,80.27083333,2,2004
Vepery,Tamil Nadu,Chennai,CGWB,2004-11-05,5.39,13.08333333,80.27083333,2,2004
Guindy(CLRI),Tamil Nadu,Chennai,CGWB,2004-11-05,6.1,13.02222222,80.225,2,2004
Alwarpet,Tamil Nadu,Chennai,CGWB,2004-11-05,2.93,13.025,80.25833333,2,2004
K.K.Nagar,Tamil Nadu,Chennai,CGWB,2004-11-05,3.85,13.04166667,80.20833333,2,2004
Guindy(CLRI),Tamil Nadu,Chennai,CGWB,2005-01-05,7.2,13.02222222,80.225,2,2005
K.K.Nagar,Tamil Nadu,Chennai,CGWB,2005-01-05,8.2,13.04166667,80.20833333,2,2005
Tondiarpet,Tamil Nadu,Chennai,CGWB,2005-01-05,5.7,13.11666667,80.275,2,2005
Vepery,Tamil Nadu,Chennai,CGWB,2005-01-05,6.06,13.08333333,80.27083333,2,2005
Alwarpet,Tamil Nadu,Chennai,CGWB,2005-01-05,3.97,13.025,80.25833333,2,2005
Vepery,Tamil Nadu,Chennai,CGWB,2005-05-15,6.4,13.08333333,80.27083333,2,2005
Alwarpet,Tamil Nadu,Chennai,CGWB,2005-05-15,3.93,13.025,80.25833333,2,2005
Besant Nagar,Tamil Nadu,Chennai,CGWB,2005-05-15,7.25,13.00138889,80.27,2,2005
Tondiarpet,Tamil Nadu,Chennai,CGWB,2005-05-15,6.3,13.11666667,80.275,2,2005
K.K.Nagar,Tamil Nadu,Chennai,CGWB,2005-05-15,8.2,13.04166667,80.20833333,2,2005
Guindy(CLRI),Tamil Nadu,Chennai,CGWB,2005-05-15,9.16,13.02222222,80.225,2,2005
Alwarpet,Tamil Nadu,Chennai,CGWB,2005-08-25,3.5,13.025,80.25833333,2,2005
K.K.Nagar,Tamil Nadu,Chennai,CGWB,2005-08-25,5.15,13.04166667,80.20833333,2,2005
Tondiarpet,Tamil Nadu,Chennai,CGWB,2005-08-25,7.8,13.11666667,80.275,2,2005
Vepery,Tamil Nadu,Chennai,CGWB,2005-08-25,6.23,13.08333333,80.27083333,2,2005
Tondiarpet,Tamil Nadu,Chennai,CGWB,2005-11-05,1.85,13.11666667,80.275,2,2005
Besant Nagar,Tamil Nadu,Chennai,CGWB,2005-11-05,3.26,13.00138889,80.27,2,2005
Guindy(CLRI),Tamil Nadu,Chennai,CGWB,2005-11-05,2.9,13.02222222,80.225,2,2005
K.K.Nagar,Tamil Nadu,Chennai,CGWB,2005-11-05,0.62,13.04166667,80.20833333,2,2005
Alwarpet,Tamil Nadu,Chennai,CGWB,2005-11-05,0.66,13.025,80.25833333,2,2005
Vepery,Tamil Nadu,Chennai,CGWB,2005-11-05,0.05,13.08333333,80.27083333,2,2005
K.K.Nagar,Tamil Nadu,Chennai,CGWB,2006-01-05,1.35,13.04166667,80.20833333,2,2006
Tondiarpet,Tamil Nadu,Chennai,CGWB,2006-01-05,2.09,13.11666667,80.275,2,2006
Vepery,Tamil Nadu,Chennai,CGWB,2006-01-05,1.6,13.08333333,80.27083333,2,2006
Alwarpet,Tamil Nadu,Chennai,CGWB,2006-01-05,3.6,13.025,80.25833333,2,2006
Guindy(CLRI),Tamil Nadu,Chennai,CGWB,2006-01-05,3.7,13.02222222,80.225,2,2006
Besant Nagar,Tamil Nadu,Chennai,CGWB,2006-01-05,4.2,13.00138889,80.27,2,2006
Besant Nagar,Tamil Nadu,Chennai,CGWB,2006-05-15,4.47,13.00138889,80.27,2,2006
Vepery,Tamil Nadu,Chennai,CGWB,2006-05-15,5.09,13.08333333,80.27083333,2,2006
Tondiarpet,Tamil Nadu,Chennai,CGWB,2006-05-15,2.56,13.11666667,80.275,2,2006
Guindy(CLRI),Tamil Nadu,Chennai,CGWB,2006-05-15,9.43,13.02222222,80.225,2,2006
Alwarpet,Tamil Nadu,Chennai,CGWB,2006-05-15,3.16,13.025,80.25833333,2,2006
K.K.Nagar,Tamil Nadu,Chennai,CGWB,2006-05-15,2.39,13.04166667,80.20833333,2,2006
Vallalar Nagar,Tamil Nadu,Chennai,CGWB,2006-08-25,4.07,13.10555556,80.28138889,2,2006
Tondiarpet,Tamil Nadu,Chennai,CGWB,2006-08-25,3.08,13.11666667,80.275,2,2006
K.K.Nagar,Tamil Nadu,Chennai,CGWB,2006-08-25,2.5,13.04166667,80.20833333,2,2006
Chepauk (A),Tamil Nadu,Chennai,CGWB,2006-08-25,0.53,13.05555556,80.28138889,2,2006
Alwarpet,Tamil Nadu,Chennai,CGWB,2006-08-25,3.1,13.025,80.25833333,2,2006
Besant Nagar,Tamil Nadu,Chennai,CGWB,2006-08-25,4.86,13.00138889,80.27,2,2006
Vepery,Tamil Nadu,Chennai,CGWB,2006-08-25,6.6,13.08333333,80.27083333,2,2006
Guindy(CLRI),Tamil Nadu,Chennai,CGWB,2006-08-25,7.3,13.02222222,80.225,2,2006
Alwarpet,Tamil Nadu,Chennai,CGWB,2006-11-05,0.6,13.025,80.25833333,2,2006
Tondiarpet,Tamil Nadu,Chennai,CGWB,2006-11-05,2.44,13.11666667,80.275,2,2006
Vallalar Nagar,Tamil Nadu,Chennai,CGWB,2006-11-05,3.15,13.10555556,80.28138889,2,2006
Vepery,Tamil Nadu,Chennai,CGWB,2006-11-05,3.0,13.08333333,80.27083333,2,2006
Chepauk (A),Tamil Nadu,Chennai,CGWB,2006-11-05,0.85,13.05555556,80.28138889,2,2006
Besant Nagar,Tamil Nadu,Chennai,CGWB,2006-11-05,2.67,13.00138889,80.27,2,2006
Guindy(CLRI),Tamil Nadu,Chennai,CGWB,2006-11-05,0.2,13.02222222,80.225,2,2006
K.K.Nagar,Tamil Nadu,Chennai,CGWB,2006-11-05,0.35,13.04166667,80.20833333,2,2006
Vepery,Tamil Nadu,Chennai,CGWB,2007-01-05,3.88,13.08333333,80.27083333,2,2007
Alwarpet,Tamil Nadu,Chennai,CGWB,2007-01-05,2.2,13.025,80.25833333,2,2007
Besant Nagar,Tamil Nadu,Chennai,CGWB,2007-01-05,2.8,13.00138889,80.27,2,2007
Vallalar Nagar,Tamil Nadu,Chennai,CGWB,2007-01-05,2.85,13.10555556,80.28138889,2,2007
Tondiarpet,Tamil Nadu,Chennai,CGWB,2007-01-05,2.6,13.11666667,80.275,2,2007
K.K.Nagar,Tamil Nadu,Chennai,CGWB,2007-01-05,1.15,13.04166667,80.20833333,2,2007
Chepauk (A),Tamil Nadu,Chennai,CGWB,2007-01-05,0.45,13.05555556,80.28138889,2,2007
Guindy(CLRI),Tamil Nadu,Chennai,CGWB,2007-01-05,3.7,13.02222222,80.225,2,2007
Alwarpet,Tamil Nadu,Chennai,CGWB,2007-05-15,4.03,13.025,80.25833333,2,2007
Besant Nagar,Tamil Nadu,Chennai,CGWB,2007-05-15,5.2,13.00138889,80.27,2,2007
Chepauk (A),Tamil Nadu,Chennai,CGWB,2007-05-15,4.34,13.05555556,80.28138889,2,2007
Guindy(CLRI),Tamil Nadu,Chennai,CGWB,2007-05-15,6.98,13.02222222,80.225,2,2007
K.K.Nagar,Tamil Nadu,Chennai,CGWB,2007-05-15,3.5,13.04166667,80.20833333,2,2007
Tondiarpet,Tamil Nadu,Chennai,CGWB,2007-05-15,2.9,13.11666667,80.275,2,2007
Vallalar Nagar,Tamil Nadu,Chennai,CGWB,2007-05-15,4.24,13.10555556,80.28138889,2,2007
Vepery,Tamil Nadu,Chennai,CGWB,2007-05-15,8.1,13.08333333,80.27083333,2,2007
Alwarpet,Tamil Nadu,Chennai,CGWB,2007-08-25,2.6,13.025,80.25833333,2,2007
Besant Nagar,Tamil Nadu,Chennai,CGWB,2007-08-25,4.36,13.00138889,80.27,2,2007
Guindy(CLRI),Tamil Nadu,Chennai,CGWB,2007-08-25,5.37,13.02222222,80.225,2,2007
Vepery,Tamil Nadu,Chennai,CGWB,2007-08-25,2.71,13.08333333,80.27083333,2,2007
Vallalar Nagar,Tamil Nadu,Chennai,CGWB,2007-08-25,4.05,13.10555556,80.28138889,2,2007
Chepauk (A),Tamil Nadu,Chennai,CGWB,2007-08-25,1.9,13.05555556,80.28138889,2,2007
K.K.Nagar,Tamil Nadu,Chennai,CGWB,2007-08-25,1.83,13.04166667,80.20833333,2,2007
Tondiarpet,Tamil Nadu,Chennai,CGWB,2007-08-25,3.8,13.11666667,80.275,2,2007
Vallalar Nagar,Tamil Nadu,Chennai,CGWB,2007-11-05,3.32,13.10555556,80.28138889,2,2007
Alwarpet,Tamil Nadu,Chennai,CGWB,2007-11-05,1.45,13.025,80.25833333,2,2007
Besant Nagar,Tamil Nadu,Chennai,CGWB,2007-11-05,3.48,13.00138889,80.27,2,2007
Chepauk (A),Tamil Nadu,Chennai,CGWB,2007-11-05,0.63,13.05555556,80.28138889,2,2007
K.K.Nagar,Tamil Nadu,Chennai,CGWB,2007-11-05,0.62,13.04166667,80.20833333,2,2007
Tondiarpet,Tamil Nadu,Chennai,CGWB,2007-11-05,3.12,13.11666667,80.275,2,2007
Vepery,Tamil Nadu,Chennai,CGWB,2007-11-05,0.18,13.08333333,80.27083333,2,2007
Vallalar Nagar,Tamil Nadu,Chennai,CGWB,2008-01-05,2.85,13.10555556,80.28138889,2,2008
Tondiarpet,Tamil Nadu,Chennai,CGWB,2008-01-05,2.1,13.11666667,80.275,2,2008
K.K.Nagar,Tamil Nadu,Chennai,CGWB,2008-01-05,1.05,13.04166667,80.20833333,2,2008
Vepery,Tamil Nadu,Chennai,CGWB,2008-01-05,6.8,13.08333333,80.27083333,2,2008
Chepauk (A),Tamil Nadu,Chennai,CGWB,2008-01-05,1.32,13.05555556,80.28138889,2,2008
Besant Nagar,Tamil Nadu,Chennai,CGWB,2008-01-05,3.8,13.00138889,80.27,2,2008
Alwarpet,Tamil Nadu,Chennai,CGWB,2008-01-05,1.75,13.025,80.25833333,2,2008
Guindy(CLRI),Tamil Nadu,Chennai,CGWB,2008-01-05,1.08,13.02222222,80.225,2,2008
K.K.Nagar,Tamil Nadu,Chennai,CGWB,2008-05-15,2.11,13.04166667,80.20833333,2,2008
Guindy(CLRI),Tamil Nadu,Chennai,CGWB,2008-05-15,4.1,13.02222222,80.225,2,2008
Chepauk (A),Tamil Nadu,Chennai,CGWB,2008-05-15,2.1,13.05555556,80.28138889,2,2008
Besant Nagar,Tamil Nadu,Chennai,CGWB,2008-05-15,4.34,13.00138889,80.27,2,2008
Alwarpet,Tamil Nadu,Chennai,CGWB,2008-05-15,3.12,13.025,80.25833333,2,2008
Vallalar Nagar,Tamil Nadu,Chennai,CGWB,2008-05-15,3.65,13.10555556,80.28138889,2,2008
Vepery,Tamil Nadu,Chennai,CGWB,2008-05-15,5.51,13.08333333,80.27083333,2,2008
Tondiarpet,Tamil Nadu,Chennai,CGWB,2008-05-15,3.55,13.11666667,80.275,2,2008
Vallalar Nagar,Tamil Nadu,Chennai,CGWB,2008-08-25,4.08,13.10555556,80.28138889,2,2008
Vepery,Tamil Nadu,Chennai,CGWB,2008-08-25,4.85,13.08333333,80.27083333,2,2008
Chepauk (A),Tamil Nadu,Chennai,CGWB,2008-08-25,2.0,13.05555556,80.28138889,2,2008
Besant Nagar,Tamil Nadu,Chennai,CGWB,2008-08-25,4.9,13.00138889,80.27,2,2008
Alwarpet,Tamil Nadu,Chennai,CGWB,2008-08-25,2.78,13.025,80.25833333,2,2008
Guindy(CLRI),Tamil Nadu,Chennai,CGWB,2008-08-25,4.69,13.02222222,80.225,2,2008
Tondiarpet,Tamil Nadu,Chennai,CGWB,2008-08-25,4.16,13.11666667,80.275,2,2008
K.K.Nagar,Tamil Nadu,Chennai,CGWB,2008-08-25,1.97,13.04166667,80.20833333,2,2008
Besant Nagar,Tamil Nadu,Chennai,CGWB,2008-11-05,3.9,13.00138889,80.27,2,2008
Chepauk (A),Tamil Nadu,Chennai,CGWB,2008-11-05,3.1,13.05555556,80.28138889,2,2008
Guindy(CLRI),Tamil Nadu,Chennai,CGWB,2008-11-05,2.36,13.02222222,80.225,2,2008
Tondiarpet,Tamil Nadu,Chennai,CGWB,2008-11-05,2.4,13.11666667,80.275,2,2008
Vepery,Tamil Nadu,Chennai,CGWB,2008-11-05,4.67,13.08333333,80.27083333,2,2008
Chepauk (A),Tamil Nadu,Chennai,CGWB,2009-01-05,1.7,13.05555556,80.28138889,2,2009
Alwarpet,Tamil Nadu,Chennai,CGWB,2009-01-05,1.72,13.025,80.25833333,2,2009
Vepery,Tamil Nadu,Chennai,CGWB,2009-01-05,5.23,13.08333333,80.27083333,2,2009
Vallalar Nagar,Tamil Nadu,Chennai,CGWB,2009-01-05,1.9,13.10555556,80.28138889,2,2009
K.K.Nagar,Tamil Nadu,Chennai,CGWB,2009-01-05,1.6,13.04166667,80.20833333,2,2009
Tondiarpet,Tamil Nadu,Chennai,CGWB,2009-01-05,1.9,13.11666667,80.275,2,2009
Tondiarpet,Tamil Nadu,Chennai,CGWB,2009-05-15,2.95,13.11666667,80.275,2,2009
Besant Nagar,Tamil Nadu,Chennai,CGWB,2009-05-15,4.8,13.00138889,80.27,2,2009
Vepery,Tamil Nadu,Chennai,CGWB,2009-05-15,8.6,13.08333333,80.27083333,2,2009
K.K.Nagar,Tamil Nadu,Chennai,CGWB,2009-05-15,3.08,13.04166667,80.20833333,2,2009
Guindy(CLRI),Tamil Nadu,Chennai,CGWB,2009-05-15,5.4,13.02222222,80.225,2,2009
Vallalar Nagar,Tamil Nadu,Chennai,CGWB,2009-05-15,4.25,13.10555556,80.28138889,2,2009
Alwarpet,Tamil Nadu,Chennai,CGWB,2009-05-15,8.6,13.025,80.25833333,2,2009
Vepery,Tamil Nadu,Chennai,CGWB,2009-08-25,11.3,13.08333333,80.27083333,2,2009
Tondiarpet,Tamil Nadu,Chennai,CGWB,2009-08-25,5.8,13.11666667,80.275,2,2009
K.K.Nagar,Tamil Nadu,Chennai,CGWB,2009-08-25,4.4,13.04166667,80.20833333,2,2009
Besant Nagar,Tamil Nadu,Chennai,CGWB,2009-08-25,4.85,13.00138889,80.27,2,2009
Chepauk (A),Tamil Nadu,Chennai,CGWB,2009-08-25,2.1,13.05555556,80.28138889,2,2009
Alwarpet,Tamil Nadu,Chennai,CGWB,2009-08-25,3.15,13.025,80.25833333,2,2009
Vallalar Nagar,Tamil Nadu,Chennai,CGWB,2009-11-05,4.95,13.10555556,80.28138889,2,2009
Vepery,Tamil Nadu,Chennai,CGWB,2009-11-05,5.2,13.08333333,80.27083333,2,2009
K.K.Nagar,Tamil Nadu,Chennai,CGWB,2009-11-05,2.35,13.04166667,80.20833333,2,2009
Guindy(CLRI),Tamil Nadu,Chennai,CGWB,2009-11-05,0.53,13.02222222,80.225,2,2009
Besant Nagar,Tamil Nadu,Chennai,CGWB,2009-11-05,2.2,13.00138889,80.27,2,2009
Alwarpet,Tamil Nadu,Chennai,CGWB,2009-11-05,1.3,13.025,80.25833333,2,2009
Tondiarpet,Tamil Nadu,Chennai,CGWB,2009-11-05,4.88,13.11666667,80.275,2,2009
Vepery,Tamil Nadu,Chennai,CGWB,2010-01-05,5.2,13.08333333,80.27083333,2,2010
Besant Nagar,Tamil Nadu,Chennai,CGWB,2010-01-05,3.13,13.00138889,80.27,2,2010
Guindy(CLRI),Tamil Nadu,Chennai,CGWB,2010-01-05,1.5,13.02222222,80.225,2,2010
K.K.Nagar,Tamil Nadu,Chennai,CGWB,2010-01-05,1.0,13.04166667,80.20833333,2,2010
Tondiarpet,Tamil Nadu,Chennai,CGWB,2010-01-05,3.9,13.11666667,80.275,2,2010
Vallalar Nagar,Tamil Nadu,Chennai,CGWB,2010-01-05,4.92,13.10555556,80.28138889,2,2010
Alwarpet,Tamil Nadu,Chennai,CGWB,2010-05-15,2.71,13.025,80.25833333,2,2010
Besant Nagar,Tamil Nadu,Chennai,CGWB,2010-05-15,4.27,13.00138889,80.27,2,2010
Guindy(CLRI),Tamil Nadu,Chennai,CGWB,2010-05-15,3.3,13.02222222,80.225,2,2010
K.K.Nagar,Tamil Nadu,Chennai,CGWB,2010-05-15,3.3,13.04166667,80.20833333,2,2010
Tondiarpet,Tamil Nadu,Chennai,CGWB,2010-05-15,6.03,13.11666667,80.275,2,2010
Vallalar Nagar,Tamil Nadu,Chennai,CGWB,2010-05-15,6.4,13.10555556,80.28138889,2,2010
Vepery,Tamil Nadu,Chennai,CGWB,2010-05-15,4.7,13.08333333,80.27083333,2,2010
Tondiarpet,Tamil Nadu,Chennai,CGWB,2010-08-25,4.6,13.11666667,80.275,2,2010
K.K.Nagar,Tamil Nadu,Chennai,CGWB,2010-08-25,1.6,13.04166667,80.20833333,2,2010
Guindy(CLRI),Tamil Nadu,Chennai,CGWB,2010-08-25,3.2,13.02222222,80.225,2,2010
Besant Nagar,Tamil Nadu,Chennai,CGWB,2010-08-25,4.03,13.00138889,80.27,2,2010
Besant Nagar,Tamil Nadu,Chennai,CGWB,2010-11-05,3.92,13.00138889,80.27,2,2010
Guindy(CLRI),Tamil Nadu,Chennai,CGWB,2010-11-05,2.23,13.02222222,80.225,2,2010
Vallalar Nagar,Tamil Nadu,Chennai,CGWB,2010-11-05,4.95,13.10555556,80.28138889,2,2010
K.K.Nagar,Tamil Nadu,Chennai,CGWB,2010-11-05,1.6,13.04166667,80.20833333,2,2010
Tondiarpet,Tamil Nadu,Chennai,CGWB,2010-11-05,4.7,13.11666667,80.275,2,2010
Vepery,Tamil Nadu,Chennai,CGWB,2010-11-05,1.1,13.08333333,80.27083333,2,2010
Alwarpet,Tamil Nadu,Chennai,CGWB,2011-01-05,1.22,13.025,80.25833333,2,2011
Besant Nagar,Tamil Nadu,Chennai,CGWB,2011-01-05,2.79,13.00138889,80.27,2,2011
Guindy(CLRI),Tamil Nadu,Chennai,CGWB,2011-01-05,1.2,13.02222222,80.225,2,2011
K.K.Nagar,Tamil Nadu,Chennai,CGWB,2011-01-05,1.55,13.04166667,80.20833333,2,2011
Vepery,Tamil Nadu,Chennai,CGWB,2011-01-05,5.15,13.08333333,80.27083333,2,2011
Tondiarpet,Tamil Nadu,Chennai,CGWB,2011-01-05,3.2,13.11666667,80.275,2,2011
Vepery,Tamil Nadu,Chennai,CGWB,2011-05-15,2.15,13.08333333,80.27083333,2,2011
Tondiarpet,Tamil Nadu,Chennai,CGWB,2011-05-15,4.72,13.11666667,80.275,2,2011
Guindy(CLRI),Tamil Nadu,Chennai,CGWB,2011-05-15,3.38,13.02222222,80.225,2,2011
Vepery,Tamil Nadu,Chennai,CGWB,2011-08-25,1.72,13.08333333,80.27083333,2,2011
Guindy(CLRI),Tamil Nadu,Chennai,CGWB,2011-08-25,3.7,13.02222222,80.225,2,2011
Tondiarpet,Tamil Nadu,Chennai,CGWB,2011-08-25,5.3,13.11666667,80.275,2,2011
Tondiarpet,Tamil Nadu,Chennai,CGWB,2011-11-05,4.34,13.11666667,80.275,2,2011
Vepery,Tamil Nadu,Chennai,CGWB,2011-11-05,4.5,13.08333333,80.27083333,2,2011
Guindy(CLRI),Tamil Nadu,Chennai,CGWB,2011-11-05,0.78,13.02222222,80.225,2,2011
K.K.Nagar,Tamil Nadu,Chennai,CGWB,2011-11-05,0.6,13.04166667,80.20833333,2,2011
Vepery,Tamil Nadu,Chennai,CGWB,2012-01-05,4.61,13.08333333,80.27083333,2,2012
Guindy(CLRI),Tamil Nadu,Chennai,CGWB,2012-05-15,3.21,13.02222222,80.225,2,2012
K.K.Nagar,Tamil Nadu,Chennai,CGWB,2012-05-15,1.82,13.04166667,80.20833333,2,2012
"NITTR, Taramani",Tamil Nadu,Chennai,CGWB,2012-05-15,5.72,12.98333333,80.23333333,2,2012
Tondiarpet,Tamil Nadu,Chennai,CGWB,2012-05-15,5.05,13.11666667,80.275,2,2012
Vepery,Tamil Nadu,Chennai,CGWB,2012-05-15,8.04,13.08333333,80.27083333,2,2012
Adyar,Tamil Nadu,Chennai,CGWB,2012-05-15,1.72,13.01666667,80.26666667,2,2012
K.K.Nagar,Tamil Nadu,Chennai,CGWB,2012-11-05,1.38,13.04166667,80.20833333,2,2012
Besant Nagar,Tamil Nadu,Chennai,CGWB,2012-11-05,3.61,13.00138889,80.27,2,2012
Vepery,Tamil Nadu,Chennai,CGWB,2013-01-05,6.25,13.08333333,80.27083333,2,2013
Vallalar Nagar,Tamil Nadu,Chennai,CGWB,2013-01-05,6.8,13.10555556,80.28138889,2,2013
K.K.Nagar,Tamil Nadu,Chennai,CGWB,2013-01-05,2.1,13.04166667,80.20833333,2,2013
Guindy(CLRI),Tamil Nadu,Chennai,CGWB,2013-01-05,3.25,13.02222222,80.225,2,2013
Besant Nagar,Tamil Nadu,Chennai,CGWB,2013-01-05,3.77,13.00138889,80.27,2,2013
Vallalar Nagar,Tamil Nadu,Chennai,CGWB,2013-05-15,7.21,13.10555556,80.28138889,2,2013
Guindy(CLRI),Tamil Nadu,Chennai,CGWB,2013-05-15,7.5,13.02222222,80.225,2,2013
Chepauk (A),Tamil Nadu,Chennai,CGWB,2013-05-15,3.8,13.05555556,80.28138889,2,2013
Besant Nagar,Tamil Nadu,Chennai,CGWB,2013-05-15,4.72,13.00138889,80.27,2,2013
Alwarpet,Tamil Nadu,Chennai,CGWB,2013-05-15,2.64,13.025,80.25833333,2,2013
K.K.Nagar,Tamil Nadu,Chennai,CGWB,2013-05-15,2.42,13.04166667,80.20833333,2,2013
Alwarpet,Tamil Nadu,Chennai,CGWB,2013-08-25,2.4,13.025,80.25833333,2,2013
Besant Nagar,Tamil Nadu,Chennai,CGWB,2013-08-25,4.76,13.00138889,80.27,2,2013
Chepauk (A),Tamil Nadu,Chennai,CGWB,2013-08-25,3.1,13.05555556,80.28138889,2,2013
Guindy(CLRI),Tamil Nadu,Chennai,CGWB,2013-08-25,2.1,13.02222222,80.225,2,2013
K.K.Nagar,Tamil Nadu,Chennai,CGWB,2013-08-25,2.15,13.04166667,80.20833333,2,2013
Vallalar Nagar,Tamil Nadu,Chennai,CGWB,2013-08-25,7.35,13.10555556,80.28138889,2,2013
Vepery,Tamil Nadu,Chennai,CGWB,2013-08-25,6.58,13.08333333,80.27083333,2,2013
Besant Nagar,Tamil Nadu,Chennai,CGWB,2013-11-05,3.85,13.00138889,80.27,2,2013
K.K.Nagar,Tamil Nadu,Chennai,CGWB,2013-11-05,1.0,13.04166667,80.20833333,2,2013
Vepery,Tamil Nadu,Chennai,CGWB,2013-11-05,6.5,13.08333333,80.27083333,2,2013
Vallalar Nagar,Tamil Nadu,Chennai,CGWB,2013-11-05,7.16,13.10555556,80.28138889,2,2013
Tondiarpet,Tamil Nadu,Chennai,CGWB,2013-11-05,6.2,13.11666667,80.275,2,2013
Guindy(CLRI),Tamil Nadu,Chennai,CGWB,2013-11-05,1.56,13.02222222,80.225,2,2013
Chepauk (A),Tamil Nadu,Chennai,CGWB,2013-11-05,2.55,13.05555556,80.28138889,2,2013
Vepery,Tamil Nadu,Chennai,CGWB,2014-01-05,5.87,13.08333333,80.27083333,2,2014
K.K.Nagar,Tamil Nadu,Chennai,CGWB,2014-01-05,0.85,13.04166667,80.20833333,2,2014
Guindy(CLRI),Tamil Nadu,Chennai,CGWB,2014-01-05,1.11,13.02222222,80.225,2,2014
Besant Nagar,Tamil Nadu,Chennai,CGWB,2014-01-05,4.26,13.00138889,80.27,2,2014
Alwarpet,Tamil Nadu,Chennai,CGWB,2014-01-05,1.9,13.025,80.25833333,2,2014
Chepauk (A),Tamil Nadu,Chennai,CGWB,2014-01-05,2.82,13.05555556,80.28138889,2,2014
Alwarpet,Tamil Nadu,Chennai,CGWB,2014-05-15,3.2,13.025,80.25833333,2,2014
Guindy(CLRI),Tamil Nadu,Chennai,CGWB,2014-05-15,4.1,13.02222222,80.225,2,2014
Vallalar Nagar,Tamil Nadu,Chennai,CGWB,2014-05-15,7.35,13.10555556,80.28138889,2,2014
Vepery,Tamil Nadu,Chennai,CGWB,2014-05-15,7.36,13.08333333,80.27083333,2,2014
Besant Nagar,Tamil Nadu,Chennai,CGWB,2014-05-15,5.58,13.00138889,80.27,2,2014
Chepauk (A),Tamil Nadu,Chennai,CGWB,2014-05-15,3.96,13.05555556,80.28138889,2,2014
K.K.Nagar,Tamil Nadu,Chennai,CGWB,2014-08-25,2.0,13.04166667,80.20833333,2,2014
Besant Nagar,Tamil Nadu,Chennai,CGWB,2014-08-25,4.2,13.00138889,80.27,2,2014
Chepauk (A),Tamil Nadu,Chennai,CGWB,2014-08-25,3.23,13.05555556,80.28138889,2,2014
Guindy(CLRI),Tamil Nadu,Chennai,CGWB,2014-08-25,6.18,13.02222222,80.225,2,2014
Alwarpet,Tamil Nadu,Chennai,CGWB,2014-08-25,2.4,13.025,80.25833333,2,2014
Tondiarpet,Tamil Nadu,Chennai,CGWB,2014-08-25,6.6,13.11666667,80.275,2,2014
Vallalar Nagar,Tamil Nadu,Chennai,CGWB,2014-08-25,8.0,13.10555556,80.28138889,2,2014
Vepery,Tamil Nadu,Chennai,CGWB,2014-08-25,2.72,13.08333333,80.27083333,2,2014
Vallalar Nagar,Tamil Nadu,Chennai,CGWB,2014-11-05,7.1,13.10555556,80.28138889,2,2014
Vepery,Tamil Nadu,Chennai,CGWB,2014-11-05,1.65,13.08333333,80.27083333,2,2014
K.K.Nagar,Tamil Nadu,Chennai,CGWB,2014-11-05,0.55,13.04166667,80.20833333,2,2014
Guindy(CLRI),Tamil Nadu,Chennai,CGWB,2014-11-05,0.88,13.02222222,80.225,2,2014
Chepauk (A),Tamil Nadu,Chennai,CGWB,2014-11-05,2.2,13.05555556,80.28138889,2,2014
Besant Nagar,Tamil Nadu,Chennai,CGWB,2014-11-05,2.3,13.00138889,80.27,2,2014
Alwarpet,Tamil Nadu,Chennai,CGWB,2014-11-05,1.5,13.025,80.25833333,2,2014
Alwarpet,Tamil Nadu,Chennai,CGWB,2015-01-05,4.65,13.025,80.25833333,2,2015
Besant Nagar,Tamil Nadu,Chennai,CGWB,2015-01-05,6.23,13.00138889,80.27,2,2015
Chepauk (A),Tamil Nadu,Chennai,CGWB,2015-01-05,2.65,13.05555556,80.28138889,2,2015
Guindy(CLRI),Tamil Nadu,Chennai,CGWB,2015-01-05,6.23,13.02222222,80.225,2,2015
K.K.Nagar,Tamil Nadu,Chennai,CGWB,2015-01-05,4.74,13.04166667,80.20833333,2,2015
Chepauk (A),Tamil Nadu,Chennai,CGWB,2015-05-15,3.87,13.05555556,80.28138889,2,2015
Guindy(CLRI),Tamil Nadu,Chennai,CGWB,2015-05-15,4.04,13.02222222,80.225,2,2015
K.K.Nagar,Tamil Nadu,Chennai,CGWB,2015-05-15,2.56,13.04166667,80.20833333,2,2015
Tondiarpet,Tamil Nadu,Chennai,CGWB,2015-05-15,5.6,13.11666667,80.275,2,2015
Vallalar Nagar,Tamil Nadu,Chennai,CGWB,2015-05-15,7.0,13.10555556,80.28138889,2,2015
Vepery,Tamil Nadu,Chennai,CGWB,2015-05-15,6.8,13.08333333,80.27083333,2,2015
Alwarpet,Tamil Nadu,Chennai,CGWB,2015-05-15,2.66,13.025,80.25833333,2,2015
Besant Nagar,Tamil Nadu,Chennai,CGWB,2015-05-15,4.76,13.00138889,80.27,2,2015
Besant Nagar,Tamil Nadu,Chennai,CGWB,2015-08-25,5.07,13.00138889,80.27,2,2015
Vepery,Tamil Nadu,Chennai,CGWB,2015-08-25,5.96,13.08333333,80.27083333,2,2015
Vallalar Nagar,Tamil Nadu,Chennai,CGWB,2015-08-25,7.15,13.10555556,80.28138889,2,2015
Tondiarpet,Tamil Nadu,Chennai,CGWB,2015-08-25,5.6,13.11666667,80.275,2,2015
K.K.Nagar,Tamil Nadu,Chennai,CGWB,2015-08-25,2.32,13.04166667,80.20833333,2,2015
Guindy(CLRI),Tamil Nadu,Chennai,CGWB,2015-08-25,4.25,13.02222222,80.225,2,2015
Chepauk (A),Tamil Nadu,Chennai,CGWB,2015-08-25,3.5,13.05555556,80.28138889,2,2015
Alwarpet,Tamil Nadu,Chennai,CGWB,2015-08-25,2.66,13.025,80.25833333,2,2015
Alwarpet,Tamil Nadu,Chennai,CGWB,2015-11-05,2.53,13.025,80.25833333,2,2015
K.K.Nagar,Tamil Nadu,Chennai,CGWB,2015-11-05,1.9,13.04166667,80.20833333,2,2015
Guindy(CLRI),Tamil Nadu,Chennai,CGWB,2015-11-05,4.73,13.02222222,80.225,2,2015
Besant Nagar,Tamil Nadu,Chennai,CGWB,2015-11-05,5.7,13.00138889,80.27,2,2015
Vepery,Tamil Nadu,Chennai,CGWB,2015-11-05,6.94,13.08333333,80.27083333,2,2015
Vallalar Nagar,Tamil Nadu,Chennai,CGWB,2015-11-05,7.6,13.10555556,80.28138889,2,2015
Chepauk (A),Tamil Nadu,Chennai,CGWB,2015-11-05,3.2,13.05555556,80.28138889,2,2015
Tondiarpet,Tamil Nadu,Chennai,CGWB,2015-11-05,5.98,13.11666667,80.275,2,2015
Alwarpet,Tamil Nadu,Chennai,CGWB,2016-05-15,2.4,13.025,80.25833333,2,2016
Vallalar Nagar,Tamil Nadu,Chennai,CGWB,2016-05-15,5.03,13.10555556,80.28138889,2,2016
Besant Nagar,Tamil Nadu,Chennai,CGWB,2016-05-15,2.6,13.00138889,80.27,2,2016
K.K.Nagar,Tamil Nadu,Chennai,CGWB,2016-05-15,1.77,13.04166667,80.20833333,2,2016
Chepauk (A),Tamil Nadu,Chennai,CGWB,2016-05-15,3.28,13.05555556,80.28138889,2,2016
Guindy(CLRI),Tamil Nadu,Chennai,CGWB,2016-05-15,2.22,13.02222222,80.225,2,2016
Vepery,Tamil Nadu,Chennai,CGWB,2016-05-15,4.84,13.08333333,80.27083333,2,2016
Tondiarpet,Tamil Nadu,Chennai,CGWB,2016-05-15,4.48,13.11666667,80.275,2,2016
Vallalar Nagar,Tamil Nadu,Chennai,CGWB,2016-08-25,6.45,13.10555556,80.28138889,2,2016
Tondiarpet,Tamil Nadu,Chennai,CGWB,2016-08-25,6.6,13.11666667,80.275,2,2016
K.K.Nagar,Tamil Nadu,Chennai,CGWB,2016-08-25,2.16,13.04166667,80.20833333,2,2016
Chepauk (A),Tamil Nadu,Chennai,CGWB,2016-08-25,3.5,13.05555556,80.28138889,2,2016
Besant Nagar,Tamil Nadu,Chennai,CGWB,2016-08-25,3.3,13.00138889,80.27,2,2016
Alwarpet,Tamil Nadu,Chennai,CGWB,2016-08-25,3.3,13.025,80.25833333,2,2016
Vepery,Tamil Nadu,Chennai,CGWB,2016-11-05,3.9,13.08333333,80.27083333,2,2016
Tondiarpet,Tamil Nadu,Chennai,CGWB,2016-11-05,4.7,13.11666667,80.275,2,2016
K.K.Nagar,Tamil Nadu,Chennai,CGWB,2016-11-05,1.4,13.04166667,80.20833333,2,2016
Alwarpet,Tamil Nadu,Chennai,CGWB,2016-11-05,3.1,13.025,80.25833333,2,2016
Besant Nagar,Tamil Nadu,Chennai,CGWB,2016-11-05,3.4,13.00138889,80.27,2,2016
Chepauk (A),Tamil Nadu,Chennai,CGWB,2016-11-05,3.5,13.05555556,80.28138889,2,2016
Guindy(CLRI),Tamil Nadu,Chennai,CGWB,2016-11-05,3.0,13.02222222,80.225,2,2016
Vallalar Nagar,Tamil Nadu,Chennai,CGWB,2016-11-05,5.95,13.10555556,80.28138889,2,2016
Vepery,Tamil Nadu,Chennai,CGWB,2017-01-05,4.0,13.08333333,80.27083333,2,2017
Vallalar Nagar,Tamil Nadu,Chennai,CGWB,2017-01-05,7.68,13.10555556,80.28138889,2,2017
Alwarpet,Tamil Nadu,Chennai,CGWB,2017-01-05,3.5,13.025,80.25833333,2,2017
Besant Nagar,Tamil Nadu,Chennai,CGWB,2017-01-05,3.6,13.00138889,80.27,2,2017
K.K.Nagar,Tamil Nadu,Chennai,CGWB,2017-01-05,2.2,13.04166667,80.20833333,2,2017
Chepauk (A),Tamil Nadu,Chennai,CGWB,2017-01-05,3.72,13.05555556,80.28138889,2,2017
Alwarpet,Tamil Nadu,Chennai,CGWB,2017-05-15,3.65,13.025,80.25833333,2,2017
Besant Nagar,Tamil Nadu,Chennai,CGWB,2017-05-15,5.05,13.00138889,80.27,2,2017
Chepauk (A),Tamil Nadu,Chennai,CGWB,2017-05-15,4.44,13.05555556,80.28138889,2,2017
Vallalar Nagar,Tamil Nadu,Chennai,CGWB,2017-05-15,7.65,13.10555556,80.28138889,2,2017
Vepery,Tamil Nadu,Chennai,CGWB,2017-05-15,8.88,13.08333333,80.27083333,2,2017
Vepery,Tamil Nadu,Chennai,CGWB,2017-08-25,8.7,13.08333333,80.27083333,2,2017
Vallalar Nagar,Tamil Nadu,Chennai,CGWB,2017-08-25,7.78,13.10555556,80.28138889,2,2017
K.K.Nagar,Tamil Nadu,Chennai,CGWB,2017-08-25,4.95,13.04166667,80.20833333,2,2017
Chepauk (A),Tamil Nadu,Chennai,CGWB,2017-08-25,4.42,13.05555556,80.28138889,2,2017
Besant Nagar,Tamil Nadu,Chennai,CGWB,2017-08-25,5.6,13.00138889,80.27,2,2017
Alwarpet,Tamil Nadu,Chennai,CGWB,2017-08-25,3.7,13.025,80.25833333,2,2017
Vepery,Tamil Nadu,Chennai,CGWB,2017-11-05,5.91,13.08333333,80.27083333,2,2017
Vallalar Nagar,Tamil Nadu,Chennai,CGWB,2017-11-05,5.22,13.10555556,80.28138889,2,2017
K.K.Nagar,Tamil Nadu,Chennai,CGWB,2017-11-05,1.56,13.04166667,80.20833333,2,2017
Chepauk (A),Tamil Nadu,Chennai,CGWB,2017-11-05,2.64,13.05555556,80.28138889,2,2017
Alwarpet,Tamil Nadu,Chennai,CGWB,2017-11-05,1.5,13.025,80.25833333,2,2017
Besant Nagar,Tamil Nadu,Chennai,CGWB,2017-11-05,3.4,13.00138889,80.27,2,2017
Guindy(CLRI),Tamil Nadu,Chennai,CGWB,2017-11-05,1.78,13.02222222,80.225,2,2017
Besant Nagar,Tamil Nadu,Chennai,CGWB,2018-01-22,3.8,13.00138889,80.27,2,2018
Vepery,Tamil Nadu,Chennai,CGWB,2018-01-22,4.6,13.08333333,80.27083333,2,2018
K.K.Nagar,Tamil Nadu,Chennai,CGWB,2018-01-22,2.7,13.04166667,80.20833333,2,2018
Chepauk (A),Tamil Nadu,Chennai,CGWB,2018-01-22,3.32,13.05555556,80.28138889,2,2018
Alwarpet,Tamil Nadu,Chennai,CGWB,2018-05-30,5.35,13.025,80.25833333,2,2018
Vepery,Tamil Nadu,Chennai,CGWB,2018-05-30,5.6,13.08333333,80.27083333,2,2018
Vallalar Nagar,Tamil Nadu,Chennai,CGWB,2018-05-30,6.83,13.10555556,80.28138889,2,2018
K.K.Nagar,Tamil Nadu,Chennai,CGWB,2018-05-30,2.75,13.04166667,80.20833333,2,2018
Guindy(CLRI),Tamil Nadu,Chennai,CGWB,2018-05-30,8.4,13.02222222,80.225,2,2018
Chepauk (A),Tamil Nadu,Chennai,CGWB,2018-05-30,5.42,13.05555556,80.28138889,2,2018
Besant Nagar,Tamil Nadu,Chennai,CGWB,2018-05-30,5.2,13.00138889,80.27,2,2018
Guindy(CLRI),Tamil Nadu,Chennai,CGWB,2018-07-05,7.2,13.02222222,80.225,2,2018
Chepauk (A),Tamil Nadu,Chennai,CGWB,2018-08-30,4.32,13.05555556,80.28138889,2,2018
Alwarpet,Tamil Nadu,Chennai,CGWB,2018-08-30,5.8,13.025,80.25833333,2,2018
Guindy(CLRI),Tamil Nadu,Chennai,CGWB,2018-08-30,6.5,13.02222222,80.225,2,2018
K.K.Nagar,Tamil Nadu,Chennai,CGWB,2018-08-30,3.3,13.04166667,80.20833333,2,2018
Vepery,Tamil Nadu,Chennai,CGWB,2018-08-30,6.8,13.08333333,80.27083333,2,2018
Besant Nagar,Tamil Nadu,Chennai,CGWB,2018-08-30,6.0,13.00138889,80.27,2,2018
Guindy(CLRI),Tamil Nadu,Chennai,CGWB,2018-11-05,5.05,13.02222222,80.225,2,2018
Besant Nagar,Tamil Nadu,Chennai,CGWB,2018-11-17,5.45,13.00138889,80.27,2,2018
Vepery,Tamil Nadu,Chennai,CGWB,2018-11-17,4.54,13.08333333,80.27083333,2,2018
Alwarpet,Tamil Nadu,Chennai,CGWB,2018-11-17,3.3,13.025,80.25833333,2,2018
Chepauk (A),Tamil Nadu,Chennai,CGWB,2018-11-17,4.2,13.05555556,80.28138889,2,2018
Tondiarpet,Tamil Nadu,Chennai,CGWB,2018-11-17,10.3,13.11666667,80.275,2,2018
Vallalar Nagar,Tamil Nadu,Chennai,CGWB,2018-11-17,7.9,13.10555556,80.28138889,2,2018
Guindy(CLRI),Tamil Nadu,Chennai,CGWB,2019-01-27,6.3,13.02222222,80.225,2,2019
Chepauk (A),Tamil Nadu,Chennai,CGWB,2019-01-27,4.42,13.05555556,80.28138889,2,2019
Vallalar Nagar,Tamil Nadu,Chennai,CGWB,2019-01-27,8.0,13.10555556,80.28138889,2,2019
Vepery,Tamil Nadu,Chennai,CGWB,2019-01-27,3.6,13.08333333,80.27083333,2,2019
K.K.Nagar,Tamil Nadu,Chennai,CGWB,2019-01-27,2.8,13.04166667,80.20833333,2,2019
Besant Nagar,Tamil Nadu,Chennai,CGWB,2019-01-27,5.95,13.00138889,80.27,2,2019
Tondiarpet,Tamil Nadu,Chennai,CGWB,2019-01-27,11.1,13.11666667,80.275,2,2019
Alwarpet,Tamil Nadu,Chennai,CGWB,2019-01-27,4.6,13.025,80.25833333,2,2019
Tondiarpet,Tamil Nadu,Chennai,CGWB,2019-01-30,9.8,13.11666667,80.275,2,2019
Vallalar Nagar,Tamil Nadu,Chennai,CGWB,2019-01-30,8.85,13.10555556,80.28138889,2,2019
Alwarpet,Tamil Nadu,Chennai,CGWB,2019-01-30,3.97,13.025,80.25833333,2,2019
Besant Nagar,Tamil Nadu,Chennai,CGWB,2019-01-30,5.5,13.00138889,80.27,2,2019
Chepauk (A),Tamil Nadu,Chennai,CGWB,2019-01-30,4.0,13.05555556,80.28138889,2,2019
Guindy(CLRI),Tamil Nadu,Chennai,CGWB,2019-01-30,6.3,13.02222222,80.225,2,2019
K.K.Nagar,Tamil Nadu,Chennai,CGWB,2019-01-30,2.9,13.04166667,80.20833333,2,2019
Vepery,Tamil Nadu,Chennai,CGWB,2019-01-30,2.9,13.08333333,80.27083333,2,2019
Vallalar Nagar,Tamil Nadu,Chennai,CGWB,2019-05-30,8.45,13.10555556,80.28138889,2,2019
Besant Nagar,Tamil Nadu,Chennai,CGWB,2019-05-30,5.2,13.00138889,80.27,2,2019
Chepauk (A),Tamil Nadu,Chennai,CGWB,2019-05-30,4.4,13.05555556,80.28138889,2,2019
Guindy(CLRI),Tamil Nadu,Chennai,CGWB,2019-05-30,7.6,13.02222222,80.225,2,2019
K.K.Nagar,Tamil Nadu,Chennai,CGWB,2019-05-30,3.8,13.04166667,80.20833333,2,2019
Tondiarpet,Tamil Nadu,Chennai,CGWB,2019-05-30,7.9,13.11666667,80.275,2,2019
Vepery,Tamil Nadu,Chennai,CGWB,2019-05-30,4.15,13.08333333,80.27083333,2,2019
Alwarpet,Tamil Nadu,Chennai,CGWB,2019-05-30,3.47,13.025,80.25833333,2,2019
Chepauk (A),Tamil Nadu,Chennai,CGWB,2019-08-30,4.1,13.05555556,80.28138889,2,2019
K.K.Nagar,Tamil Nadu,Chennai,CGWB,2019-08-30,4.1,13.04166667,80.20833333,2,2019
Tondiarpet,Tamil Nadu,Chennai,CGWB,2019-08-30,9.8,13.11666667,80.275,2,2019
Vallalar Nagar,Tamil Nadu,Chennai,CGWB,2019-08-30,8.85,13.10555556,80.28138889,2,2019
Alwarpet,Tamil Nadu,Chennai,CGWB,2019-08-30,5.57,13.025,80.25833333,2,2019
Vepery,Tamil Nadu,Chennai,CGWB,2019-08-30,5.9,13.08333333,80.27083333,2,2019
Besant Nagar,Tamil Nadu,Chennai,CGWB,2019-11-30,5.0,13.00138889,80.27,2,2019
Chepauk (A),Tamil Nadu,Chennai,CGWB,2019-11-30,3.3,13.05555556,80.28138889,2,2019
Alwarpet,Tamil Nadu,Chennai,CGWB,2019-11-30,3.37,13.025,80.25833333,2,2019
Vepery,Tamil Nadu,Chennai,CGWB,2019-11-30,7.3,13.08333333,80.27083333,2,2019
Vallalar Nagar,Tamil Nadu,Chennai,CGWB,2019-11-30,8.65,13.10555556,80.28138889,2,2019
Tondiarpet,Tamil Nadu,Chennai,CGWB,2019-11-30,7.2,13.11666667,80.275,2,2019
Guindy(CLRI),Tamil Nadu,Chennai,CGWB,2019-11-30,3.15,13.02222222,80.225,2,2019
K.K.Nagar,Tamil Nadu,Chennai,CGWB,2019-11-30,2.4,13.04166667,80.20833333,2,2019
Vepery,Tamil Nadu,Chennai,CGWB,2020-01-10,4.3,13.08333333,80.27083333,2,2020
K.K.Nagar,Tamil Nadu,Chennai,CGWB,2020-01-10,3.4,13.04166667,80.20833333,2,2020
Alwarpet,Tamil Nadu,Chennai,CGWB,2020-01-10,3.37,13.025,80.25833333,2,2020
Chepauk (A),Tamil Nadu,Chennai,CGWB,2020-01-10,3.5,13.05555556,80.28138889,2,2020
Besant Nagar,Tamil Nadu,Chennai,CGWB,2020-01-10,6.5,13.00138889,80.27,2,2020
Tondiarpet,Tamil Nadu,Chennai,CGWB,2020-01-10,7.8,13.11666667,80.275,2,2020
Vallalar Nagar,Tamil Nadu,Chennai,CGWB,2020-01-10,7.9,13.10555556,80.28138889,2,2020
Alwarpet,Tamil Nadu,Chennai,CGWB,2020-08-25,4.07,13.025,80.25833333,2,2020
Besant Nagar,Tamil Nadu,Chennai,CGWB,2020-08-25,5.8,13.00138889,80.27,2,2020
Chepauk (A),Tamil Nadu,Chennai,CGWB,2020-08-25,4.0,13.05555556,80.28138889,2,2020
K.K.Nagar,Tamil Nadu,Chennai,CGWB,2020-08-25,3.1,13.04166667,80.20833333,2,2020
Tondiarpet,Tamil Nadu,Chennai,CGWB,2020-08-25,8.6,13.11666667,80.275,2,2020
Vallalar Nagar,Tamil Nadu,Chennai,CGWB,2020-08-25,6.95,13.10555556,80.28138889,2,2020
Vepery,Tamil Nadu,Chennai,CGWB,2020-08-25,5.4,13.08333333,80.27083333,2,2020
Besant Nagar,Tamil Nadu,Chennai,CGWB,2020-11-30,4.3,13.00138889,80.27,2,2020
Alwarpet,Tamil Nadu,Chennai,CGWB,2020-11-30,1.67,13.025,80.25833333,2,2020
Chepauk (A),Tamil Nadu,Chennai,CGWB,2020-11-30,2.06,13.05555556,80.28138889,2,2020
K.K.Nagar,Tamil Nadu,Chennai,CGWB,2020-11-30,2.12,13.04166667,80.20833333,2,2020
Vallalar Nagar,Tamil Nadu,Chennai,CGWB,2020-11-30,7.08,13.10555556,80.28138889,2,2020
Vepery,Tamil Nadu,Chennai,CGWB,2020-11-30,5.82,13.08333333,80.27083333,2,2020
Vepery,Tamil Nadu,Chennai,CGWB,2021-01-10,4.4,13.08333333,80.27083333,2,2021
Vallalar Nagar,Tamil Nadu,Chennai,CGWB,2021-01-10,5.5,13.10555556,80.28138889,2,2021
Alwarpet,Tamil Nadu,Chennai,CGWB,2021-01-10,1.46,13.025,80.25833333,2,2021
Besant Nagar,Tamil Nadu,Chennai,CGWB,2021-01-10,2.96,13.00138889,80.27,2,2021
Tondiarpet,Tamil Nadu,Chennai,CGWB,2021-01-10,4.66,13.11666667,80.275,2,2021
K.K.Nagar,Tamil Nadu,Chennai,CGWB,2021-01-10,1.1,13.04166667,80.20833333,2,2021
Chepauk (A),Tamil Nadu,Chennai,CGWB,2021-01-10,2.54,13.05555556,80.28138889,2,2021
Guindy(CLRI),Tamil Nadu,Chennai,CGWB,2021-01-10,0.71,13.02222222,80.225,2,2021
Vepery,Tamil Nadu,Chennai,CGWB,2021-08-31,9.0,13.08333333,80.27083333,2,2021
K.K.Nagar,Tamil Nadu,Chennai,CGWB,2021-08-31,1.35,13.04166667,80.20833333,2,2021
Guindy(CLRI),Tamil Nadu,Chennai,CGWB,2021-08-31,1.75,13.02222222,80.225,2,2021
Chepauk (A),Tamil Nadu,Chennai,CGWB,2021-08-31,3.73,13.05555556,80.28138889,2,2021
Besant Nagar,Tamil Nadu,Chennai,CGWB,2021-08-31,4.22,13.00138889,80.27,2,2021
Alwarpet,Tamil Nadu,Chennai,CGWB,2021-08-31,2.3,13.025,80.25833333,2,2021
Vallalar Nagar,Tamil Nadu,Chennai,CGWB,2021-08-31,6.56,13.10555556,80.28138889,2,2021
Alwarpet,Tamil Nadu,Chennai,CGWB,2021-11-30,1.26,13.025,80.25833333,2,2021
Besant Nagar,Tamil Nadu,Chennai,CGWB,2021-11-30,1.32,13.00138889,80.27,2,2021
Vepery,Tamil Nadu,Chennai,CGWB,2021-11-30,2.74,13.08333333,80.27083333,2,2021
K.K.Nagar,Tamil Nadu,Chennai,CGWB,2021-11-30,1.17,13.04166667,80.20833333,2,2021
Tondiarpet,Tamil Nadu,Chennai,CGWB,2021-11-30,3.4,13.11666667,80.275,2,2021
Vallalar Nagar,Tamil Nadu,Chennai,CGWB,2021-11-30,3.24,13.10555556,80.28138889,2,2021
Chepauk (A),Tamil Nadu,Chennai,CGWB,2021-11-30,1.6,13.05555556,80.28138889,2,2021
Guindy(CLRI),Tamil Nadu,Chennai,CGWB,2022-01-30,0.5,13.02222222,80.225,2,2022
Besant Nagar,Tamil Nadu,Chennai,CGWB,2022-01-30,1.4,13.00138889,80.27,2,2022
Alwarpet,Tamil Nadu,Chennai,CGWB,2022-01-30,1.7,13.025,80.25833333,2,2022
K.K.Nagar,Tamil Nadu,Chennai,CGWB,2022-01-30,1.02,13.04166667,80.20833333,2,2022
Vallalar Nagar,Tamil Nadu,Chennai,CGWB,2022-01-30,2.33,13.10555556,80.28138889,2,2022
Vepery,Tamil Nadu,Chennai,CGWB,2022-01-30,1.5,13.08333333,80.27083333,2,2022
Chepauk (A),Tamil Nadu,Chennai,CGWB,2022-01-30,0.64,13.05555556,80.28138889,2,2022
Guindy(CLRI),Tamil Nadu,Chennai,CGWB,2022-05-30,1.98,13.02222222,80.225,2,2022
Chepauk (A),Tamil Nadu,Chennai,CGWB,2022-05-30,0.84,13.05555556,80.28138889,2,2022
Besant Nagar,Tamil Nadu,Chennai,CGWB,2022-05-30,3.95,13.00138889,80.27,2,2022
K.K.Nagar,Tamil Nadu,Chennai,CGWB,2022-05-30,1.69,13.04166667,80.20833333,2,2022
Alwarpet,Tamil Nadu,Chennai,CGWB,2022-05-30,5.0,13.025,80.25833333,2,2022
Tondiarpet,Tamil Nadu,Chennai,CGWB,2022-05-30,6.59,13.11666667,80.275,2,2022
Vallalar Nagar,Tamil Nadu,Chennai,CGWB,2022-05-30,4.61,13.10555556,80.28138889,2,2022
Vepery,Tamil Nadu,Chennai,CGWB,2022-05-30,3.2,13.08333333,80.27083333,2,2022
WASAHERMENPET,Tamil Nadu,Chennai,CGWB,2022-08-01,3.8760002,13.116967,80.285188,1,2022
BEASANT NAGAR,Tamil Nadu,Chennai,CGWB,2022-08-01,2.8574998,12.998462,80.264539,1,2022
ADAYAR_1,Tamil Nadu,Chennai,CGWB,2022-08-01,3.5759997,13.008908,80.262662,1,2022
WASAHERMENPET,Tamil Nadu,Chennai,CGWB,2022-08-02,3.8940003,13.116967,80.285188,1,2022
BEASANT NAGAR,Tamil Nadu,Chennai,CGWB,2022-08-02,2.8825,12.998462,80.264539,1,2022
ADAYAR_1,Tamil Nadu,Chennai,CGWB,2022-08-02,3.5575,13.008908,80.262662,1,2022
WASAHERMENPET,Tamil Nadu,Chennai,CGWB,2022-08-03,3.896,13.116967,80.285188,1,2022
BEASANT NAGAR,Tamil Nadu,Chennai,CGWB,2022-08-03,2.895,12.998462,80.264539,1,2022
ADAYAR_1,Tamil Nadu,Chennai,CGWB,2022-08-03,3.545,13.008908,80.262662,1,2022
BEASANT NAGAR,Tamil Nadu,Chennai,CGWB,2022-08-04,2.9,12.998462,80.264539,1,2022
WASAHERMENPET,Tamil Nadu,Chennai,CGWB,2022-08-04,3.8940003,13.116967,80.285188,1,2022
ADAYAR_1,Tamil Nadu,Chennai,CGWB,2022-08-04,3.535,13.008908,80.262662,1,2022
ADAYAR_1,Tamil Nadu,Chennai,CGWB,2022-08-05,3.545,13.008908,80.262662,1,2022
BEASANT NAGAR,Tamil Nadu,Chennai,CGWB,2022-08-05,2.9025002,12.998462,80.264539,1,2022
WASAHERMENPET,Tamil Nadu,Chennai,CGWB,2022-08-05,3.9,13.116967,80.285188,1,2022
ADAYAR_1,Tamil Nadu,Chennai,CGWB,2022-08-06,3.56,13.008908,80.262662,1,2022
WASAHERMENPET,Tamil Nadu,Chennai,CGWB,2022-08-06,3.9283335,13.116967,80.285188,1,2022
BEASANT NAGAR,Tamil Nadu,Chennai,CGWB,2022-08-06,2.92,12.998462,80.264539,1,2022
WASAHERMENPET,Tamil Nadu,Chennai,CGWB,2022-08-07,3.9475,13.116967,80.285188,1,2022
BEASANT NAGAR,Tamil Nadu,Chennai,CGWB,2022-08-07,2.945,12.998462,80.264539,1,2022
ADAYAR_1,Tamil Nadu,Chennai,CGWB,2022-08-07,3.6075,13.008908,80.262662,1,2022
BEASANT NAGAR,Tamil Nadu,Chennai,CGWB,2022-08-08,2.9614289,12.998462,80.264539,1,2022
WASAHERMENPET,Tamil Nadu,Chennai,CGWB,2022-08-08,3.9575002,13.116967,80.285188,1,2022
ADAYAR_1,Tamil Nadu,Chennai,CGWB,2022-08-08,3.6200001,13.008908,80.262662,1,2022
ADAYAR_1,Tamil Nadu,Chennai,CGWB,2022-08-09,3.635,13.008908,80.262662,1,2022
BEASANT NAGAR,Tamil Nadu,Chennai,CGWB,2022-08-09,2.96,12.998462,80.264539,1,2022
WASAHERMENPET,Tamil Nadu,Chennai,CGWB,2022-08-09,3.9559999,13.116967,80.285188,1,2022
ADAYAR_1,Tamil Nadu,Chennai,CGWB,2022-08-10,3.6475,13.008908,80.262662,1,2022
BEASANT NAGAR,Tamil Nadu,Chennai,CGWB,2022-08-10,2.9725,12.998462,80.264539,1,2022
WASAHERMENPET,Tamil Nadu,Chennai,CGWB,2022-08-10,3.978,13.116967,80.285188,1,2022
BEASANT NAGAR,Tamil Nadu,Chennai,CGWB,2022-08-11,2.9675,12.998462,80.264539,1,2022
ADAYAR_1,Tamil Nadu,Chennai,CGWB,2022-08-11,3.6525002,13.008908,80.262662,1,2022
WASAHERMENPET,Tamil Nadu,Chennai,CGWB,2022-08-11,3.9739997,13.116967,80.285188,1,2022
WASAHERMENPET,Tamil Nadu,Chennai,CGWB,2022-08-12,3.978,13.116967,80.285188,1,2022
BEASANT NAGAR,Tamil Nadu,Chennai,CGWB,2022-08-12,2.9625,12.998462,80.264539,1,2022
ADAYAR_1,Tamil Nadu,Chennai,CGWB,2022-08-12,3.654,13.008908,80.262662,1,2022
WASAHERMENPET,Tamil Nadu,Chennai,CGWB,2022-08-13,3.9900002,13.116967,80.285188,1,2022
BEASANT NAGAR,Tamil Nadu,Chennai,CGWB,2022-08-13,2.978,12.998462,80.264539,1,2022
ADAYAR_1,Tamil Nadu,Chennai,CGWB,2022-08-13,3.6740003,13.008908,80.262662,1,2022
ADAYAR_1,Tamil Nadu,Chennai,CGWB,2022-08-14,3.666,13.008908,80.262662,1,2022
BEASANT NAGAR,Tamil Nadu,Chennai,CGWB,2022-08-14,2.978,12.998462,80.264539,1,2022
WASAHERMENPET,Tamil Nadu,Chennai,CGWB,2022-08-14,3.985,13.116967,80.285188,1,2022
ADAYAR_1,Tamil Nadu,Chennai,CGWB,2022-08-15,3.6800003,13.008908,80.262662,1,2022
BEASANT NAGAR,Tamil Nadu,Chennai,CGWB,2022-08-15,2.978,12.998462,80.264539,1,2022
WASAHERMENPET,Tamil Nadu,Chennai,CGWB,2022-08-15,3.9775,13.116967,80.285188,1,2022
ADAYAR_1,Tamil Nadu,Chennai,CGWB,2022-08-16,3.668,13.008908,80.262662,1,2022
BEASANT NAGAR,Tamil Nadu,Chennai,CGWB,2022-08-16,2.9839997,12.998462,80.264539,1,2022
WASAHERMENPET,Tamil Nadu,Chennai,CGWB,2022-08-16,3.9825,13.116967,80.285188,1,2022
BEASANT NAGAR,Tamil Nadu,Chennai,CGWB,2022-08-17,2.9950001,12.998462,80.264539,1,2022
WASAHERMENPET,Tamil Nadu,Chennai,CGWB,2022-08-17,3.9900002,13.116967,80.285188,1,2022
ADAYAR_1,Tamil Nadu,Chennai,CGWB,2022-08-17,3.6780002,13.008908,80.262662,1,2022
WASAHERMENPET,Tamil Nadu,Chennai,CGWB,2022-08-18,4.0160003,13.116967,80.285188,1,2022
BEASANT NAGAR,Tamil Nadu,Chennai,CGWB,2022-08-18,3.02,12.998462,80.264539,1,2022
ADAYAR_1,Tamil Nadu,Chennai,CGWB,2022-08-18,3.6999998,13.008908,80.262662,1,2022
WASAHERMENPET,Tamil Nadu,Chennai,CGWB,2022-08-19,4.0240006,13.116967,80.285188,1,2022
BEASANT NAGAR,Tamil Nadu,Chennai,CGWB,2022-08-19,3.032,12.998462,80.264539,1,2022
ADAYAR_1,Tamil Nadu,Chennai,CGWB,2022-08-19,3.72,13.008908,80.262662,1,2022
ADAYAR_1,Tamil Nadu,Chennai,CGWB,2022-08-20,3.7325,13.008908,80.262662,1,2022
BEASANT NAGAR,Tamil Nadu,Chennai,CGWB,2022-08-20,3.0449998,12.998462,80.264539,1,2022
WASAHERMENPET,Tamil Nadu,Chennai,CGWB,2022-08-20,4.04,13.116967,80.285188,1,2022
ADAYAR_1,Tamil Nadu,Chennai,CGWB,2022-08-21,3.7419999,13.008908,80.262662,1,2022
WASAHERMENPET,Tamil Nadu,Chennai,CGWB,2022-08-21,4.0471425,13.116967,80.285188,1,2022
BEASANT NAGAR,Tamil Nadu,Chennai,CGWB,2022-08-21,3.0624998,12.998462,80.264539,1,2022
WASAHERMENPET,Tamil Nadu,Chennai,CGWB,2022-08-22,4.054286,13.116967,80.285188,1,2022
BEASANT NAGAR,Tamil Nadu,Chennai,CGWB,2022-08-22,3.0075,12.998462,80.264539,1,2022
ADAYAR_1,Tamil Nadu,Chennai,CGWB,2022-08-22,3.698,13.008908,80.262662,1,2022
WASAHERMENPET,Tamil Nadu,Chennai,CGWB,2022-08-23,4.0460005,13.116967,80.285188,1,2022
BEASANT NAGAR,Tamil Nadu,Chennai,CGWB,2022-08-23,2.9959998,12.998462,80.264539,1,2022
ADAYAR_1,Tamil Nadu,Chennai,CGWB,2022-08-23,3.6942859,13.008908,80.262662,1,2022
WASAHERMENPET,Tamil Nadu,Chennai,CGWB,2022-08-24,4.04,13.116967,80.285188,1,2022
BEASANT NAGAR,Tamil Nadu,Chennai,CGWB,2022-08-24,2.998,12.998462,80.264539,1,2022
ADAYAR_1,Tamil Nadu,Chennai,CGWB,2022-08-24,3.682,13.008908,80.262662,1,2022
WASAHERMENPET,Tamil Nadu,Chennai,CGWB,2022-08-25,4.0460005,13.116967,80.285188,1,2022
BEASANT NAGAR,Tamil Nadu,Chennai,CGWB,2022-08-25,3.0280004,12.998462,80.264539,1,2022
ADAYAR_1,Tamil Nadu,Chennai,CGWB,2022-08-25,3.6799998,13.008908,80.262662,1,2022
BEASANT NAGAR,Tamil Nadu,Chennai,CGWB,2022-08-26,3.038,12.998462,80.264539,1,2022
WASAHERMENPET,Tamil Nadu,Chennai,CGWB,2022-08-26,4.044,13.116967,80.285188,1,2022
ADAYAR_1,Tamil Nadu,Chennai,CGWB,2022-08-26,3.6740003,13.008908,80.262662,1,2022
BEASANT NAGAR,Tamil Nadu,Chennai,CGWB,2022-08-27,3.0449998,12.998462,80.264539,1,2022
ADAYAR_1,Tamil Nadu,Chennai,CGWB,2022-08-27,3.668,13.008908,80.262662,1,2022
WASAHERMENPET,Tamil Nadu,Chennai,CGWB,2022-08-27,4.026,13.116967,80.285188,1,2022
BEASANT NAGAR,Tamil Nadu,Chennai,CGWB,2022-08-28,3.0425,12.998462,80.264539,1,2022
WASAHERMENPET,Tamil Nadu,Chennai,CGWB,2022-08-28,4.0420003,13.116967,80.285188,1,2022
ADAYAR_1,Tamil Nadu,Chennai,CGWB,2022-08-28,3.67,13.008908,80.262662,1,2022
WASAHERMENPET,Tamil Nadu,Chennai,CGWB,2022-08-29,4.03,13.116967,80.285188,1,2022
BEASANT NAGAR,Tamil Nadu,Chennai,CGWB,2022-08-29,3.0375,12.998462,80.264539,1,2022
ADAYAR_1,Tamil Nadu,Chennai,CGWB,2022-08-29,3.6550002,13.008908,80.262662,1,2022
Alwarpet,Tamil Nadu,Chennai,CGWB,2022-08-30,5.13,13.025,80.25833333,2,2022
K.K.Nagar,Tamil Nadu,Chennai,CGWB,2022-08-30,1.93,13.04166667,80.20833333,2,2022
Vallalar Nagar,Tamil Nadu,Chennai,CGWB,2022-08-30,5.0,13.10555556,80.28138889,2,2022
Chepauk (A),Tamil Nadu,Chennai,CGWB,2022-08-30,4.42,13.05555556,80.28138889,2,2022
ADAYAR_1,Tamil Nadu,Chennai,CGWB,2022-08-30,3.654,13.008908,80.262662,1,2022
Guindy(CLRI),Tamil Nadu,Chennai,CGWB,2022-08-30,2.1,13.02222222,80.225,2,2022
BEASANT NAGAR,Tamil Nadu,Chennai,CGWB,2022-08-30,3.0579998,12.998462,80.264539,1,2022
Vepery,Tamil Nadu,Chennai,CGWB,2022-08-30,3.31,13.08333333,80.27083333,2,2022
WASAHERMENPET,Tamil Nadu,Chennai,CGWB,2022-08-30,4.0220003,13.116967,80.285188,1,2022
Besant Nagar,Tamil Nadu,Chennai,CGWB,2022-08-30,4.18,13.00138889,80.27,2,2022
WASAHERMENPET,Tamil Nadu,Chennai,CGWB,2022-08-31,4.042,13.116967,80.285188,1,2022
BEASANT NAGAR,Tamil Nadu,Chennai,CGWB,2022-08-31,3.0619998,12.998462,80.264539,1,2022
ADAYAR_1,Tamil Nadu,Chennai,CGWB,2022-08-31,3.6580002,13.008908,80.262662,1,2022
BEASANT NAGAR,Tamil Nadu,Chennai,CGWB,2022-09-01,3.052857,12.998462,80.264539,1,2022
ADAYAR_1,Tamil Nadu,Chennai,CGWB,2022-09-01,3.6385715,13.008908,80.262662,1,2022
WASAHERMENPET,Tamil Nadu,Chennai,CGWB,2022-09-01,4.04,13.116967,80.285188,1,2022
ADAYAR_1,Tamil Nadu,Chennai,CGWB,2022-09-02,3.5919998,13.008908,80.262662,1,2022
BEASANT NAGAR,Tamil Nadu,Chennai,CGWB,2022-09-02,3.0375004,12.998462,80.264539,1,2022
WASAHERMENPET,Tamil Nadu,Chennai,CGWB,2022-09-02,4.024,13.116967,80.285188,1,2022
ADAYAR_1,Tamil Nadu,Chennai,CGWB,2022-09-03,3.595,13.008908,80.262662,1,2022
BEASANT NAGAR,Tamil Nadu,Chennai,CGWB,2022-09-03,3.042,12.998462,80.264539,1,2022
WASAHERMENPET,Tamil Nadu,Chennai,CGWB,2022-09-03,4.026,13.116967,80.285188,1,2022
WASAHERMENPET,Tamil Nadu,Chennai,CGWB,2022-09-04,4.0325003,13.116967,80.285188,1,2022
ADAYAR_1,Tamil Nadu,Chennai,CGWB,2022-09-04,3.6074998,13.008908,80.262662,1,2022
BEASANT NAGAR,Tamil Nadu,Chennai,CGWB,2022-09-04,3.066,12.998462,80.264539,1,2022
BEASANT NAGAR,Tamil Nadu,Chennai,CGWB,2022-09-05,3.074,12.998462,80.264539,1,2022
ADAYAR_1,Tamil Nadu,Chennai,CGWB,2022-09-05,3.61,13.008908,80.262662,1,2022
WASAHERMENPET,Tamil Nadu,Chennai,CGWB,2022-09-05,4.0325003,13.116967,80.285188,1,2022
WASAHERMENPET,Tamil Nadu,Chennai,CGWB,2022-09-06,4.035,13.116967,80.285188,1,2022
ADAYAR_1,Tamil Nadu,Chennai,CGWB,2022-09-06,3.6350002,13.008908,80.262662,1,2022
BEASANT NAGAR,Tamil Nadu,Chennai,CGWB,2022-09-06,3.082,12.998462,80.264539,1,2022
BEASANT NAGAR,Tamil Nadu,Chennai,CGWB,2022-09-07,3.0839999,12.998462,80.264539,1,2022
WASAHERMENPET,Tamil Nadu,Chennai,CGWB,2022-09-07,4.04,13.116967,80.285188,1,2022
ADAYAR_1,Tamil Nadu,Chennai,CGWB,2022-09-07,3.65,13.008908,80.262662,1,2022
WASAHERMENPET,Tamil Nadu,Chennai,CGWB,2022-09-08,4.046,13.116967,80.285188,1,2022
BEASANT NAGAR,Tamil Nadu,Chennai,CGWB,2022-09-08,3.1042857,12.998462,80.264539,1,2022
ADAYAR_1,Tamil Nadu,Chennai,CGWB,2022-09-08,3.655,13.008908,80.262662,1,2022
WASAHERMENPET,Tamil Nadu,Chennai,CGWB,2022-09-09,4.066,13.116967,80.285188,1,2022
BEASANT NAGAR,Tamil Nadu,Chennai,CGWB,2022-09-09,3.1179998,12.998462,80.264539,1,2022
ADAYAR_1,Tamil Nadu,Chennai,CGWB,2022-09-09,3.67,13.008908,80.262662,1,2022
WASAHERMENPET,Tamil Nadu,Chennai,CGWB,2022-09-10,4.08,13.116967,80.285188,1,2022
BEASANT NAGAR,Tamil Nadu,Chennai,CGWB,2022-09-10,3.12,12.998462,80.264539,1,2022
ADAYAR_1,Tamil Nadu,Chennai,CGWB,2022-09-10,3.668,13.008908,80.262662,1,2022
ADAYAR_1,Tamil Nadu,Chennai,CGWB,2022-09-11,3.6800003,13.008908,80.262662,1,2022
BEASANT NAGAR,Tamil Nadu,Chennai,CGWB,2022-09-11,3.1360002,12.998462,80.264539,1,2022
WASAHERMENPET,Tamil Nadu,Chennai,CGWB,2022-09-11,4.085,13.116967,80.285188,1,2022
BEASANT NAGAR,Tamil Nadu,Chennai,CGWB,2022-09-12,3.1340003,12.998462,80.264539,1,2022
WASAHERMENPET,Tamil Nadu,Chennai,CGWB,2022-09-12,4.08,13.116967,80.285188,1,2022
ADAYAR_1,Tamil Nadu,Chennai,CGWB,2022-09-12,3.677143,13.008908,80.262662,1,2022
ADAYAR_1,Tamil Nadu,Chennai,CGWB,2022-09-13,3.67,13.008908,80.262662,1,2022
WASAHERMENPET,Tamil Nadu,Chennai,CGWB,2022-09-13,4.0699997,13.116967,80.285188,1,2022
BEASANT NAGAR,Tamil Nadu,Chennai,CGWB,2022-09-13,3.1350002,12.998462,80.264539,1,2022
BEASANT NAGAR,Tamil Nadu,Chennai,CGWB,2022-09-14,3.1274998,12.998462,80.264539,1,2022
ADAYAR_1,Tamil Nadu,Chennai,CGWB,2022-09-14,3.6599998,13.008908,80.262662,1,2022
WASAHERMENPET,Tamil Nadu,Chennai,CGWB,2022-09-14,4.06,13.116967,80.285188,1,2022
ADAYAR_1,Tamil Nadu,Chennai,CGWB,2022-09-15,3.652,13.008908,80.262662,1,2022
BEASANT NAGAR,Tamil Nadu,Chennai,CGWB,2022-09-15,3.124,12.998462,80.264539,1,2022
WASAHERMENPET,Tamil Nadu,Chennai,CGWB,2022-09-15,4.06,13.116967,80.285188,1,2022
WASAHERMENPET,Tamil Nadu,Chennai,CGWB,2022-09-16,4.0950003,13.116967,80.285188,1,2022
BEASANT NAGAR,Tamil Nadu,Chennai,CGWB,2022-09-16,3.1614287,12.998462,80.264539,1,2022
ADAYAR_1,Tamil Nadu,Chennai,CGWB,2022-09-16,3.685,13.008908,80.262662,1,2022
ADAYAR_1,Tamil Nadu,Chennai,CGWB,2022-09-17,3.7075,13.008908,80.262662,1,2022
WASAHERMENPET,Tamil Nadu,Chennai,CGWB,2022-09-17,4.1075,13.116967,80.285188,1,2022
BEASANT NAGAR,Tamil Nadu,Chennai,CGWB,2022-09-17,3.1725001,12.998462,80.264539,1,2022
ADAYAR_1,Tamil Nadu,Chennai,CGWB,2022-09-18,3.725,13.008908,80.262662,1,2022
BEASANT NAGAR,Tamil Nadu,Chennai,CGWB,2022-09-18,3.1850002,12.998462,80.264539,1,2022
WASAHERMENPET,Tamil Nadu,Chennai,CGWB,2022-09-18,4.1219993,13.116967,80.285188,1,2022
WASAHERMENPET,Tamil Nadu,Chennai,CGWB,2022-09-19,4.122857,13.116967,80.285188,1,2022
BEASANT NAGAR,Tamil Nadu,Chennai,CGWB,2022-09-19,3.1925,12.998462,80.264539,1,2022
ADAYAR_1,Tamil Nadu,Chennai,CGWB,2022-09-19,3.734,13.008908,80.262662,1,2022
BEASANT NAGAR,Tamil Nadu,Chennai,CGWB,2022-09-20,3.2066667,12.998462,80.264539,1,2022
ADAYAR_1,Tamil Nadu,Chennai,CGWB,2022-09-20,3.756667,13.008908,80.262662,1,2022
WASAHERMENPET,Tamil Nadu,Chennai,CGWB,2022-09-20,4.134286,13.116967,80.285188,1,2022
WASAHERMENPET,Tamil Nadu,Chennai,CGWB,2022-09-21,4.15,13.116967,80.285188,1,2022
BEASANT NAGAR,Tamil Nadu,Chennai,CGWB,2022-09-21,3.2250001,12.998462,80.264539,1,2022
ADAYAR_1,Tamil Nadu,Chennai,CGWB,2022-09-21,3.7599998,13.008908,80.262662,1,2022
ADAYAR_1,Tamil Nadu,Chennai,CGWB,2022-09-22,3.764,13.008908,80.262662,1,2022
WASAHERMENPET,Tamil Nadu,Chennai,CGWB,2022-09-22,4.1499996,13.116967,80.285188,1,2022
BEASANT NAGAR,Tamil Nadu,Chennai,CGWB,2022-09-22,3.2324998,12.998462,80.264539,1,2022
ADAYAR_1,Tamil Nadu,Chennai,CGWB,2022-09-23,3.7599998,13.008908,80.262662,1,2022
WASAHERMENPET,Tamil Nadu,Chennai,CGWB,2022-09-23,4.1575,13.116967,80.285188,1,2022
BEASANT NAGAR,Tamil Nadu,Chennai,CGWB,2022-09-23,3.235,12.998462,80.264539,1,2022
ADAYAR_1,Tamil Nadu,Chennai,CGWB,2022-09-24,3.775,13.008908,80.262662,1,2022
BEASANT NAGAR,Tamil Nadu,Chennai,CGWB,2022-09-24,3.25,12.998462,80.264539,1,2022
WASAHERMENPET,Tamil Nadu,Chennai,CGWB,2022-09-24,4.166,13.116967,80.285188,1,2022
ADAYAR_1,Tamil Nadu,Chennai,CGWB,2022-09-25,3.7949998,13.008908,80.262662,1,2022
WASAHERMENPET,Tamil Nadu,Chennai,CGWB,2022-09-25,4.1849995,13.116967,80.285188,1,2022
BEASANT NAGAR,Tamil Nadu,Chennai,CGWB,2022-09-25,3.27,12.998462,80.264539,1,2022
ADAYAR_1,Tamil Nadu,Chennai,CGWB,2022-09-26,3.78,13.008908,80.262662,1,2022
BEASANT NAGAR,Tamil Nadu,Chennai,CGWB,2022-09-26,3.27,12.998462,80.264539,1,2022
WASAHERMENPET,Tamil Nadu,Chennai,CGWB,2022-09-26,4.1825,13.116967,80.285188,1,2022
ADAYAR_1,Tamil Nadu,Chennai,CGWB,2022-09-27,3.795,13.008908,80.262662,1,2022
BEASANT NAGAR,Tamil Nadu,Chennai,CGWB,2022-09-27,3.295,12.998462,80.264539,1,2022
WASAHERMENPET,Tamil Nadu,Chennai,CGWB,2022-09-27,4.1925,13.116967,80.285188,1,2022
BEASANT NAGAR,Tamil Nadu,Chennai,CGWB,2022-09-28,3.305,12.998462,80.264539,1,2022
ADAYAR_1,Tamil Nadu,Chennai,CGWB,2022-09-28,3.78,13.008908,80.262662,1,2022
WASAHERMENPET,Tamil Nadu,Chennai,CGWB,2022-09-28,4.205,13.116967,80.285188,1,2022
BEASANT NAGAR,Tamil Nadu,Chennai,CGWB,2022-09-29,3.2816668,12.998462,80.264539,1,2022
WASAHERMENPET,Tamil Nadu,Chennai,CGWB,2022-09-29,4.211666,13.116967,80.285188,1,2022
ADAYAR_1,Tamil Nadu,Chennai,CGWB,2022-09-29,3.756667,13.008908,80.262662,1,2022
WASAHERMENPET,Tamil Nadu,Chennai,CGWB,2022-09-30,4.22,13.116967,80.285188,1,2022
BEASANT NAGAR,Tamil Nadu,Chennai,CGWB,2022-09-30,3.28,12.998462,80.264539,1,2022
ADAYAR_1,Tamil Nadu,Chennai,CGWB,2022-09-30,3.736,13.008908,80.262662,1,2022
WASAHERMENPET,Tamil Nadu,Chennai,CGWB,2022-10-01,4.2314286,13.116967,80.285188,1,2022
BEASANT NAGAR,Tamil Nadu,Chennai,CGWB,2022-10-01,3.2924998,12.998462,80.264539,1,2022
ADAYAR_1,Tamil Nadu,Chennai,CGWB,2022-10-01,3.74,13.008908,80.262662,1,2022
WASAHERMENPET,Tamil Nadu,Chennai,CGWB,2022-10-02,4.2349997,13.116967,80.285188,1,2022
ADAYAR_1,Tamil Nadu,Chennai,CGWB,2022-10-02,3.7680001,13.008908,80.262662,1,2022
BEASANT NAGAR,Tamil Nadu,Chennai,CGWB,2022-10-02,3.3119998,12.998462,80.264539,1,2022
BEASANT NAGAR,Tamil Nadu,Chennai,CGWB,2022-10-03,3.33,12.998462,80.264539,1,2022
WASAHERMENPET,Tamil Nadu,Chennai,CGWB,2022-10-03,4.242857,13.116967,80.285188,1,2022
ADAYAR_1,Tamil Nadu,Chennai,CGWB,2022-10-03,3.7900002,13.008908,80.262662,1,2022
WASAHERMENPET,Tamil Nadu,Chennai,CGWB,2022-10-04,4.2485714,13.116967,80.285188,1,2022
ADAYAR_1,Tamil Nadu,Chennai,CGWB,2022-10-04,3.784,13.008908,80.262662,1,2022
BEASANT NAGAR,Tamil Nadu,Chennai,CGWB,2022-10-04,3.3374999,12.998462,80.264539,1,2022
WASAHERMENPET,Tamil Nadu,Chennai,CGWB,2022-10-05,4.2575,13.116967,80.285188,1,2022
BEASANT NAGAR,Tamil Nadu,Chennai,CGWB,2022-10-05,3.3425,12.998462,80.264539,1,2022
ADAYAR_1,Tamil Nadu,Chennai,CGWB,2022-10-05,3.7825,13.008908,80.262662,1,2022
ADAYAR_1,Tamil Nadu,Chennai,CGWB,2022-10-06,3.7716668,13.008908,80.262662,1,2022
BEASANT NAGAR,Tamil Nadu,Chennai,CGWB,2022-10-06,3.3366668,12.998462,80.264539,1,2022
WASAHERMENPET,Tamil Nadu,Chennai,CGWB,2022-10-06,4.25,13.116967,80.285188,1,2022
ADAYAR_1,Tamil Nadu,Chennai,CGWB,2022-10-07,3.7342858,13.008908,80.262662,1,2022
BEASANT NAGAR,Tamil Nadu,Chennai,CGWB,2022-10-07,3.33,12.998462,80.264539,1,2022
WASAHERMENPET,Tamil Nadu,Chennai,CGWB,2022-10-07,4.257143,13.116967,80.285188,1,2022
WASAHERMENPET,Tamil Nadu,Chennai,CGWB,2022-10-08,4.2425,13.116967,80.285188,1,2022
BEASANT NAGAR,Tamil Nadu,Chennai,CGWB,2022-10-08,3.3274999,12.998462,80.264539,1,2022
ADAYAR_1,Tamil Nadu,Chennai,CGWB,2022-10-08,3.7125,13.008908,80.262662,1,2022
BEASANT NAGAR,Tamil Nadu,Chennai,CGWB,2022-10-09,3.335,12.998462,80.264539,1,2022
ADAYAR_1,Tamil Nadu,Chennai,CGWB,2022-10-09,3.71,13.008908,80.262662,1,2022
WASAHERMENPET,Tamil Nadu,Chennai,CGWB,2022-10-09,4.23,13.116967,80.285188,1,2022
WASAHERMENPET,Tamil Nadu,Chennai,CGWB,2022-10-10,4.2075,13.116967,80.285188,1,2022
BEASANT NAGAR,Tamil Nadu,Chennai,CGWB,2022-10-10,3.3225,12.998462,80.264539,1,2022
ADAYAR_1,Tamil Nadu,Chennai,CGWB,2022-10-10,3.6775002,13.008908,80.262662,1,2022
WASAHERMENPET,Tamil Nadu,Chennai,CGWB,2022-10-11,4.2,13.116967,80.285188,1,2022
ADAYAR_1,Tamil Nadu,Chennai,CGWB,2022-10-11,3.665,13.008908,80.262662,1,2022
BEASANT NAGAR,Tamil Nadu,Chennai,CGWB,2022-10-11,3.3249998,12.998462,80.264539,1,2022
ADAYAR_1,Tamil Nadu,Chennai,CGWB,2022-10-12,3.6525002,13.008908,80.262662,1,2022
BEASANT NAGAR,Tamil Nadu,Chennai,CGWB,2022-10-12,3.3374999,12.998462,80.264539,1,2022
WASAHERMENPET,Tamil Nadu,Chennai,CGWB,2022-10-12,4.1925,13.116967,80.285188,1,2022
WASAHERMENPET,Tamil Nadu,Chennai,CGWB,2022-10-13,4.205,13.116967,80.285188,1,2022
BEASANT NAGAR,Tamil Nadu,Chennai,CGWB,2022-10-13,3.345,12.998462,80.264539,1,2022
ADAYAR_1,Tamil Nadu,Chennai,CGWB,2022-10-13,3.65,13.008908,80.262662,1,2022
WASAHERMENPET,Tamil Nadu,Chennai,CGWB,2022-10-14,4.21,13.116967,80.285188,1,2022
BEASANT NAGAR,Tamil Nadu,Chennai,CGWB,2022-10-14,3.3725002,12.998462,80.264539,1,2022
ADAYAR_1,Tamil Nadu,Chennai,CGWB,2022-10-14,3.6625001,13.008908,80.262662,1,2022
ADAYAR_1,Tamil Nadu,Chennai,CGWB,2022-10-15,3.6925,13.008908,80.262662,1,2022
WASAHERMENPET,Tamil Nadu,Chennai,CGWB,2022-10-15,4.2174997,13.116967,80.285188,1,2022
BEASANT NAGAR,Tamil Nadu,Chennai,CGWB,2022-10-15,3.3775,12.998462,80.264539,1,2022
ADAYAR_1,Tamil Nadu,Chennai,CGWB,2022-10-16,3.6925,13.008908,80.262662,1,2022
BEASANT NAGAR,Tamil Nadu,Chennai,CGWB,2022-10-16,3.3775,12.998462,80.264539,1,2022
WASAHERMENPET,Tamil Nadu,Chennai,CGWB,2022-10-16,4.1925,13.116967,80.285188,1,2022
ADAYAR_1,Tamil Nadu,Chennai,CGWB,2022-10-17,3.7025,13.008908,80.262662,1,2022
WASAHERMENPET,Tamil Nadu,Chennai,CGWB,2022-10-17,4.175,13.116967,80.285188,1,2022
BEASANT NAGAR,Tamil Nadu,Chennai,CGWB,2022-10-17,3.3675,12.998462,80.264539,1,2022
ADAYAR_1,Tamil Nadu,Chennai,CGWB,2022-10-18,3.7125,13.008908,80.262662,1,2022
WASAHERMENPET,Tamil Nadu,Chennai,CGWB,2022-10-18,4.175,13.116967,80.285188,1,2022
BEASANT NAGAR,Tamil Nadu,Chennai,CGWB,2022-10-18,3.3700001,12.998462,80.264539,1,2022
ADAYAR_1,Tamil Nadu,Chennai,CGWB,2022-10-19,3.735,13.008908,80.262662,1,2022
WASAHERMENPET,Tamil Nadu,Chennai,CGWB,2022-10-19,4.185,13.116967,80.285188,1,2022
BEASANT NAGAR,Tamil Nadu,Chennai,CGWB,2022-10-19,3.3825,12.998462,80.264539,1,2022
WASAHERMENPET,Tamil Nadu,Chennai,CGWB,2022-10-20,4.1825004,13.116967,80.285188,1,2022
ADAYAR_1,Tamil Nadu,Chennai,CGWB,2022-10-20,3.7325,13.008908,80.262662,1,2022
BEASANT NAGAR,Tamil Nadu,Chennai,CGWB,2022-10-20,3.385,12.998462,80.264539,1,2022
ADAYAR_1,Tamil Nadu,Chennai,CGWB,2022-10-21,3.6625001,13.008908,80.262662,1,2022
BEASANT NAGAR,Tamil Nadu,Chennai,CGWB,2022-10-21,3.3625,12.998462,80.264539,1,2022
WASAHERMENPET,Tamil Nadu,Chennai,CGWB,2022-10-21,4.175,13.116967,80.285188,1,2022
BEASANT NAGAR,Tamil Nadu,Chennai,CGWB,2022-10-22,3.345,12.998462,80.264539,1,2022
ADAYAR_1,Tamil Nadu,Chennai,CGWB,2022-10-22,3.6025,13.008908,80.262662,1,2022
WASAHERMENPET,Tamil Nadu,Chennai,CGWB,2022-10-22,4.1725,13.116967,80.285188,1,2022
WASAHERMENPET,Tamil Nadu,Chennai,CGWB,2022-10-23,4.185,13.116967,80.285188,1,2022
BEASANT NAGAR,Tamil Nadu,Chennai,CGWB,2022-10-23,3.3725002,12.998462,80.264539,1,2022
ADAYAR_1,Tamil Nadu,Chennai,CGWB,2022-10-23,3.6125,13.008908,80.262662,1,2022
WASAHERMENPET,Tamil Nadu,Chennai,CGWB,2022-10-24,4.1974998,13.116967,80.285188,1,2022
BEASANT NAGAR,Tamil Nadu,Chennai,CGWB,2022-10-24,3.3825,12.998462,80.264539,1,2022
ADAYAR_1,Tamil Nadu,Chennai,CGWB,2022-10-24,3.625,13.008908,80.262662,1,2022
ADAYAR_1,Tamil Nadu,Chennai,CGWB,2022-10-25,3.6200001,13.008908,80.262662,1,2022
BEASANT NAGAR,Tamil Nadu,Chennai,CGWB,2022-10-25,3.3799999,12.998462,80.264539,1,2022
WASAHERMENPET,Tamil Nadu,Chennai,CGWB,2022-10-25,4.18,13.116967,80.285188,1,2022
WASAHERMENPET,Tamil Nadu,Chennai,CGWB,2022-10-26,4.1575,13.116967,80.285188,1,2022
BEASANT NAGAR,Tamil Nadu,Chennai,CGWB,2022-10-26,3.3799999,12.998462,80.264539,1,2022
ADAYAR_1,Tamil Nadu,Chennai,CGWB,2022-10-26,3.6374998,13.008908,80.262662,1,2022
WASAHERMENPET,Tamil Nadu,Chennai,CGWB,2022-10-27,4.165,13.116967,80.285188,1,2022
ADAYAR_1,Tamil Nadu,Chennai,CGWB,2022-10-27,3.6350002,13.008908,80.262662,1,2022
BEASANT NAGAR,Tamil Nadu,Chennai,CGWB,2022-10-27,3.3975,12.998462,80.264539,1,2022
BEASANT NAGAR,Tamil Nadu,Chennai,CGWB,2022-10-28,3.4125,12.998462,80.264539,1,2022
ADAYAR_1,Tamil Nadu,Chennai,CGWB,2022-10-28,3.635,13.008908,80.262662,1,2022
WASAHERMENPET,Tamil Nadu,Chennai,CGWB,2022-10-28,4.175,13.116967,80.285188,1,2022
BEASANT NAGAR,Tamil Nadu,Chennai,CGWB,2022-10-29,3.425,12.998462,80.264539,1,2022
ADAYAR_1,Tamil Nadu,Chennai,CGWB,2022-10-29,3.6375,13.008908,80.262662,1,2022
WASAHERMENPET,Tamil Nadu,Chennai,CGWB,2022-10-29,4.1800003,13.116967,80.285188,1,2022
BEASANT NAGAR,Tamil Nadu,Chennai,CGWB,2022-10-30,3.4375,12.998462,80.264539,1,2022
ADAYAR_1,Tamil Nadu,Chennai,CGWB,2022-10-30,3.6625001,13.008908,80.262662,1,2022
WASAHERMENPET,Tamil Nadu,Chennai,CGWB,2022-10-30,4.1825004,13.116967,80.285188,1,2022
ADAYAR_1,Tamil Nadu,Chennai,CGWB,2022-10-31,3.65,13.008908,80.262662,1,2022
BEASANT NAGAR,Tamil Nadu,Chennai,CGWB,2022-10-31,3.4425,12.998462,80.264539,1,2022
WASAHERMENPET,Tamil Nadu,Chennai,CGWB,2022-10-31,4.1825,13.116967,80.285188,1,2022
ADAYAR_1,Tamil Nadu,Chennai,CGWB,2022-11-01,3.425,13.008908,80.262662,1,2022
WASAHERMENPET,Tamil Nadu,Chennai,CGWB,2022-11-01,4.1575003,13.116967,80.285188,1,2022
BEASANT NAGAR,Tamil Nadu,Chennai,CGWB,2022-11-01,3.3075,12.998462,80.264539,1,2022
BEASANT NAGAR,Tamil Nadu,Chennai,CGWB,2022-11-02,3.0700002,12.998462,80.264539,1,2022
WASAHERMENPET,Tamil Nadu,Chennai,CGWB,2022-11-02,4.0425,13.116967,80.285188,1,2022
ADAYAR_1,Tamil Nadu,Chennai,CGWB,2022-11-02,2.9475,13.008908,80.262662,1,2022
ADAYAR_1,Tamil Nadu,Chennai,CGWB,2022-11-03,2.7425,13.008908,80.262662,1,2022
BEASANT NAGAR,Tamil Nadu,Chennai,CGWB,2022-11-03,2.96,12.998462,80.264539,1,2022
WASAHERMENPET,Tamil Nadu,Chennai,CGWB,2022-11-03,3.835,13.116967,80.285188,1,2022
WASAHERMENPET,Tamil Nadu,Chennai,CGWB,2022-11-04,3.6325,13.116967,80.285188,1,2022
ADAYAR_1,Tamil Nadu,Chennai,CGWB,2022-11-04,2.5075,13.008908,80.262662,1,2022
BEASANT NAGAR,Tamil Nadu,Chennai,CGWB,2022-11-04,2.85,12.998462,80.264539,1,2022
ADAYAR_1,Tamil Nadu,Chennai,CGWB,2022-11-05,2.575,13.008908,80.262662,1,2022
BEASANT NAGAR,Tamil Nadu,Chennai,CGWB,2022-11-05,2.7725,12.998462,80.264539,1,2022
WASAHERMENPET,Tamil Nadu,Chennai,CGWB,2022-11-05,3.4575,13.116967,80.285188,1,2022
WASAHERMENPET,Tamil Nadu,Chennai,CGWB,2022-11-06,3.3375,13.116967,80.285188,1,2022
BEASANT NAGAR,Tamil Nadu,Chennai,CGWB,2022-11-06,2.7525,12.998462,80.264539,1,2022
ADAYAR_1,Tamil Nadu,Chennai,CGWB,2022-11-06,2.6825001,13.008908,80.262662,1,2022
ADAYAR_1,Tamil Nadu,Chennai,CGWB,2022-11-07,2.7400002,13.008908,80.262662,1,2022
BEASANT NAGAR,Tamil Nadu,Chennai,CGWB,2022-11-07,2.7649999,12.998462,80.264539,1,2022
WASAHERMENPET,Tamil Nadu,Chennai,CGWB,2022-11-07,3.2825003,13.116967,80.285188,1,2022
BEASANT NAGAR,Tamil Nadu,Chennai,CGWB,2022-11-08,2.7575002,12.998462,80.264539,1,2022
ADAYAR_1,Tamil Nadu,Chennai,CGWB,2022-11-08,2.6575,13.008908,80.262662,1,2022
WASAHERMENPET,Tamil Nadu,Chennai,CGWB,2022-11-08,3.235,13.116967,80.285188,1,2022
ADAYAR_1,Tamil Nadu,Chennai,CGWB,2022-11-09,2.58,13.008908,80.262662,1,2022
BEASANT NAGAR,Tamil Nadu,Chennai,CGWB,2022-11-09,2.7375002,12.998462,80.264539,1,2022
WASAHERMENPET,Tamil Nadu,Chennai,CGWB,2022-11-09,3.1925,13.116967,80.285188,1,2022
WASAHERMENPET,Tamil Nadu,Chennai,CGWB,2022-11-10,3.1675,13.116967,80.285188,1,2022
BEASANT NAGAR,Tamil Nadu,Chennai,CGWB,2022-11-10,2.7275002,12.998462,80.264539,1,2022
ADAYAR_1,Tamil Nadu,Chennai,CGWB,2022-11-10,2.635,13.008908,80.262662,1,2022
BEASANT NAGAR,Tamil Nadu,Chennai,CGWB,2022-11-11,2.5774999,12.998462,80.264539,1,2022
WASAHERMENPET,Tamil Nadu,Chennai,CGWB,2022-11-11,3.14,13.116967,80.285188,1,2022
ADAYAR_1,Tamil Nadu,Chennai,CGWB,2022-11-11,2.1975,13.008908,80.262662,1,2022
WASAHERMENPET,Tamil Nadu,Chennai,CGWB,2022-11-12,3.0749998,13.116967,80.285188,1,2022
BEASANT NAGAR,Tamil Nadu,Chennai,CGWB,2022-11-12,2.3174999,12.998462,80.264539,1,2022
ADAYAR_1,Tamil Nadu,Chennai,CGWB,2022-11-12,1.6600001,13.008908,80.262662,1,2022
ADAYAR_1,Tamil Nadu,Chennai,CGWB,2022-11-13,1.4875,13.008908,80.262662,1,2022
BEASANT NAGAR,Tamil Nadu,Chennai,CGWB,2022-11-13,2.1,12.998462,80.264539,1,2022
WASAHERMENPET,Tamil Nadu,Chennai,CGWB,2022-11-13,2.985,13.116967,80.285188,1,2022
BEASANT NAGAR,Tamil Nadu,Chennai,CGWB,2022-11-14,2.0275,12.998462,80.264539,1,2022
ADAYAR_1,Tamil Nadu,Chennai,CGWB,2022-11-14,1.5475,13.008908,80.262662,1,2022
WASAHERMENPET,Tamil Nadu,Chennai,CGWB,2022-11-14,2.905,13.116967,80.285188,1,2022
WASAHERMENPET,Tamil Nadu,Chennai,CGWB,2022-11-15,2.83,13.116967,80.285188,1,2022
BEASANT NAGAR,Tamil Nadu,Chennai,CGWB,2022-11-15,2.0,12.998462,80.264539,1,2022
ADAYAR_1,Tamil Nadu,Chennai,CGWB,2022-11-15,1.6125,13.008908,80.262662,1,2022
ADAYAR_1,Tamil Nadu,Chennai,CGWB,2022-11-16,1.795,13.008908,80.262662,1,2022
WASAHERMENPET,Tamil Nadu,Chennai,CGWB,2022-11-16,2.7775,13.116967,80.285188,1,2022
BEASANT NAGAR,Tamil Nadu,Chennai,CGWB,2022-11-16,2.02,12.998462,80.264539,1,2022
BEASANT NAGAR,Tamil Nadu,Chennai,CGWB,2022-11-17,2.025,12.998462,80.264539,1,2022
WASAHERMENPET,Tamil Nadu,Chennai,CGWB,2022-11-17,2.7375,13.116967,80.285188,1,2022
ADAYAR_1,Tamil Nadu,Chennai,CGWB,2022-11-17,1.8974999,13.008908,80.262662,1,2022
WASAHERMENPET,Tamil Nadu,Chennai,CGWB,2022-11-18,2.7150002,13.116967,80.285188,1,2022
BEASANT NAGAR,Tamil Nadu,Chennai,CGWB,2022-11-18,2.0425,12.998462,80.264539,1,2022
ADAYAR_1,Tamil Nadu,Chennai,CGWB,2022-11-18,2.005,13.008908,80.262662,1,2022
BEASANT NAGAR,Tamil Nadu,Chennai,CGWB,2022-11-19,2.0524998,12.998462,80.264539,1,2022
ADAYAR_1,Tamil Nadu,Chennai,CGWB,2022-11-19,2.0925,13.008908,80.262662,1,2022
WASAHERMENPET,Tamil Nadu,Chennai,CGWB,2022-11-19,2.7000003,13.116967,80.285188,1,2022
ADAYAR_1,Tamil Nadu,Chennai,CGWB,2022-11-20,2.2125,13.008908,80.262662,1,2022
BEASANT NAGAR,Tamil Nadu,Chennai,CGWB,2022-11-20,2.06,12.998462,80.264539,1,2022
WASAHERMENPET,Tamil Nadu,Chennai,CGWB,2022-11-20,2.7000003,13.116967,80.285188,1,2022
ADAYAR_1,Tamil Nadu,Chennai,CGWB,2022-11-21,2.2775,13.008908,80.262662,1,2022
BEASANT NAGAR,Tamil Nadu,Chennai,CGWB,2022-11-21,2.08,12.998462,80.264539,1,2022
WASAHERMENPET,Tamil Nadu,Chennai,CGWB,2022-11-21,2.7000003,13.116967,80.285188,1,2022
WASAHERMENPET,Tamil Nadu,Chennai,CGWB,2022-11-22,2.7024999,13.116967,80.285188,1,2022
BEASANT NAGAR,Tamil Nadu,Chennai,CGWB,2022-11-22,2.0725,12.998462,80.264539,1,2022
ADAYAR_1,Tamil Nadu,Chennai,CGWB,2022-11-22,2.3225,13.008908,80.262662,1,2022
ADAYAR_1,Tamil Nadu,Chennai,CGWB,2022-11-23,2.3575,13.008908,80.262662,1,2022
BEASANT NAGAR,Tamil Nadu,Chennai,CGWB,2022-11-23,2.07,12.998462,80.264539,1,2022
WASAHERMENPET,Tamil Nadu,Chennai,CGWB,2022-11-23,2.6925,13.116967,80.285188,1,2022
ADAYAR_1,Tamil Nadu,Chennai,CGWB,2022-11-24,2.3775,13.008908,80.262662,1,2022
WASAHERMENPET,Tamil Nadu,Chennai,CGWB,2022-11-24,2.6750002,13.116967,80.285188,1,2022
BEASANT NAGAR,Tamil Nadu,Chennai,CGWB,2022-11-24,2.0675,12.998462,80.264539,1,2022
WASAHERMENPET,Tamil Nadu,Chennai,CGWB,2022-11-25,2.67,13.116967,80.285188,1,2022
BEASANT NAGAR,Tamil Nadu,Chennai,CGWB,2022-11-25,2.0549998,12.998462,80.264539,1,2022
ADAYAR_1,Tamil Nadu,Chennai,CGWB,2022-11-25,2.4225001,13.008908,80.262662,1,2022
WASAHERMENPET,Tamil Nadu,Chennai,CGWB,2022-11-26,2.6875,13.116967,80.285188,1,2022
ADAYAR_1,Tamil Nadu,Chennai,CGWB,2022-11-26,2.4675,13.008908,80.262662,1,2022
BEASANT NAGAR,Tamil Nadu,Chennai,CGWB,2022-11-26,2.07,12.998462,80.264539,1,2022
BEASANT NAGAR,Tamil Nadu,Chennai,CGWB,2022-11-27,2.0875,12.998462,80.264539,1,2022
ADAYAR_1,Tamil Nadu,Chennai,CGWB,2022-11-27,2.5275,13.008908,80.262662,1,2022
WASAHERMENPET,Tamil Nadu,Chennai,CGWB,2022-11-27,2.7,13.116967,80.285188,1,2022
Vepery,Tamil Nadu,Chennai,CGWB,2022-11-28,1.4,13.08333333,80.27083333,2,2022
Guindy(CLRI),Tamil Nadu,Chennai,CGWB,2022-11-28,0.2,13.02222222,80.225,2,2022
BEASANT NAGAR,Tamil Nadu,Chennai,CGWB,2022-11-28,2.095,12.998462,80.264539,1,2022
WASAHERMENPET,Tamil Nadu,Chennai,CGWB,2022-11-28,2.6875,13.116967,80.285188,1,2022
Vallalar Nagar,Tamil Nadu,Chennai,CGWB,2022-11-28,4.48,13.10555556,80.28138889,2,2022
K.K.Nagar,Tamil Nadu,Chennai,CGWB,2022-11-28,1.3,13.04166667,80.20833333,2,2022
Alwarpet,Tamil Nadu,Chennai,CGWB,2022-11-28,2.7,13.025,80.25833333,2,2022
ADAYAR_1,Tamil Nadu,Chennai,CGWB,2022-11-28,2.5575,13.008908,80.262662,1,2022
Besant Nagar,Tamil Nadu,Chennai,CGWB,2022-11-28,3.4,13.00138889,80.27,2,2022
WASAHERMENPET,Tamil Nadu,Chennai,CGWB,2022-11-29,2.6775002,13.116967,80.285188,1,2022
BEASANT NAGAR,Tamil Nadu,Chennai,CGWB,2022-11-29,2.09,12.998462,80.264539,1,2022
ADAYAR_1,Tamil Nadu,Chennai,CGWB,2022-11-29,2.5925,13.008908,80.262662,1,2022
WASAHERMENPET,Tamil Nadu,Chennai,CGWB,2022-11-30,2.6800003,13.116967,80.285188,1,2022
ADAYAR_1,Tamil Nadu,Chennai,CGWB,2022-11-30,2.6025,13.008908,80.262662,1,2022
BEASANT NAGAR,Tamil Nadu,Chennai,CGWB,2022-11-30,2.095,12.998462,80.264539,1,2022
BEASANT NAGAR,Tamil Nadu,Chennai,CGWB,2022-12-01,2.0974998,12.998462,80.264539,1,2022
ADAYAR_1,Tamil Nadu,Chennai,CGWB,2022-12-01,2.6225,13.008908,80.262662,1,2022
WASAHERMENPET,Tamil Nadu,Chennai,CGWB,2022-12-01,2.695,13.116967,80.285188,1,2022
WASAHERMENPET,Tamil Nadu,Chennai,CGWB,2022-12-02,2.7075,13.116967,80.285188,1,2022
ADAYAR_1,Tamil Nadu,Chennai,CGWB,2022-12-02,2.66,13.008908,80.262662,1,2022
BEASANT NAGAR,Tamil Nadu,Chennai,CGWB,2022-12-02,2.115,12.998462,80.264539,1,2022
ADAYAR_1,Tamil Nadu,Chennai,CGWB,2022-12-03,2.6725001,13.008908,80.262662,1,2022
BEASANT NAGAR,Tamil Nadu,Chennai,CGWB,2022-12-03,2.1100001,12.998462,80.264539,1,2022
WASAHERMENPET,Tamil Nadu,Chennai,CGWB,2022-12-03,2.7124999,13.116967,80.285188,1,2022
WASAHERMENPET,Tamil Nadu,Chennai,CGWB,2022-12-04,2.7124999,13.116967,80.285188,1,2022
ADAYAR_1,Tamil Nadu,Chennai,CGWB,2022-12-04,2.6925,13.008908,80.262662,1,2022
BEASANT NAGAR,Tamil Nadu,Chennai,CGWB,2022-12-04,2.12,12.998462,80.264539,1,2022
WASAHERMENPET,Tamil Nadu,Chennai,CGWB,2022-12-05,2.715,13.116967,80.285188,1,2022
BEASANT NAGAR,Tamil Nadu,Chennai,CGWB,2022-12-05,2.115,12.998462,80.264539,1,2022
ADAYAR_1,Tamil Nadu,Chennai,CGWB,2022-12-05,2.7075,13.008908,80.262662,1,2022
BEASANT NAGAR,Tamil Nadu,Chennai,CGWB,2022-12-06,2.1325,12.998462,80.264539,1,2022
ADAYAR_1,Tamil Nadu,Chennai,CGWB,2022-12-06,2.7425,13.008908,80.262662,1,2022
WASAHERMENPET,Tamil Nadu,Chennai,CGWB,2022-12-06,2.7325,13.116967,80.285188,1,2022
BEASANT NAGAR,Tamil Nadu,Chennai,CGWB,2022-12-07,2.1600003,12.998462,80.264539,1,2022
ADAYAR_1,Tamil Nadu,Chennai,CGWB,2022-12-07,2.7825,13.008908,80.262662,1,2022
WASAHERMENPET,Tamil Nadu,Chennai,CGWB,2022-12-07,2.76,13.116967,80.285188,1,2022
WASAHERMENPET,Tamil Nadu,Chennai,CGWB,2022-12-08,2.795,13.116967,80.285188,1,2022
ADAYAR_1,Tamil Nadu,Chennai,CGWB,2022-12-08,2.7875001,13.008908,80.262662,1,2022
BEASANT NAGAR,Tamil Nadu,Chennai,CGWB,2022-12-08,2.1799998,12.998462,80.264539,1,2022
ADAYAR_1,Tamil Nadu,Chennai,CGWB,2022-12-09,2.3,13.008908,80.262662,1,2022
BEASANT NAGAR,Tamil Nadu,Chennai,CGWB,2022-12-09,2.08,12.998462,80.264539,1,2022
WASAHERMENPET,Tamil Nadu,Chennai,CGWB,2022-12-09,2.83,13.116967,80.285188,1,2022
WASAHERMENPET,Tamil Nadu,Chennai,CGWB,2022-12-10,2.76,13.116967,80.285188,1,2022
BEASANT NAGAR,Tamil Nadu,Chennai,CGWB,2022-12-10,1.74,12.998462,80.264539,1,2022
ADAYAR_1,Tamil Nadu,Chennai,CGWB,2022-12-10,1.6175001,13.008908,80.262662,1,2022
BEASANT NAGAR,Tamil Nadu,Chennai,CGWB,2022-12-11,1.6975,12.998462,80.264539,1,2022
ADAYAR_1,Tamil Nadu,Chennai,CGWB,2022-12-11,1.7149999,13.008908,80.262662,1,2022
WASAHERMENPET,Tamil Nadu,Chennai,CGWB,2022-12-11,2.6174998,13.116967,80.285188,1,2022
ADAYAR_1,Tamil Nadu,Chennai,CGWB,2022-12-12,1.7475,13.008908,80.262662,1,2022
BEASANT NAGAR,Tamil Nadu,Chennai,CGWB,2022-12-12,1.6375,12.998462,80.264539,1,2022
WASAHERMENPET,Tamil Nadu,Chennai,CGWB,2022-12-12,2.5225,13.116967,80.285188,1,2022
ADAYAR_1,Tamil Nadu,Chennai,CGWB,2022-12-13,1.735,13.008908,80.262662,1,2022
BEASANT NAGAR,Tamil Nadu,Chennai,CGWB,2022-12-13,1.5575,12.998462,80.264539,1,2022
WASAHERMENPET,Tamil Nadu,Chennai,CGWB,2022-12-13,2.4375,13.116967,80.285188,1,2022
ADAYAR_1,Tamil Nadu,Chennai,CGWB,2022-12-14,1.86,13.008908,80.262662,1,2022
WASAHERMENPET,Tamil Nadu,Chennai,CGWB,2022-12-14,2.38,13.116967,80.285188,1,2022
BEASANT NAGAR,Tamil Nadu,Chennai,CGWB,2022-12-14,1.5725001,12.998462,80.264539,1,2022
WASAHERMENPET,Tamil Nadu,Chennai,CGWB,2022-12-15,2.36,13.116967,80.285188,1,2022
ADAYAR_1,Tamil Nadu,Chennai,CGWB,2022-12-15,1.9575001,13.008908,80.262662,1,2022
BEASANT NAGAR,Tamil Nadu,Chennai,CGWB,2022-12-15,1.5725,12.998462,80.264539,1,2022
ADAYAR_1,Tamil Nadu,Chennai,CGWB,2022-12-16,2.0625,13.008908,80.262662,1,2022
WASAHERMENPET,Tamil Nadu,Chennai,CGWB,2022-12-16,2.3474998,13.116967,80.285188,1,2022
BEASANT NAGAR,Tamil Nadu,Chennai,CGWB,2022-12-16,1.595,12.998462,80.264539,1,2022
BEASANT NAGAR,Tamil Nadu,Chennai,CGWB,2022-12-17,1.615,12.998462,80.264539,1,2022
WASAHERMENPET,Tamil Nadu,Chennai,CGWB,2022-12-17,2.33,13.116967,80.285188,1,2022
ADAYAR_1,Tamil Nadu,Chennai,CGWB,2022-12-17,2.13,13.008908,80.262662,1,2022
WASAHERMENPET,Tamil Nadu,Chennai,CGWB,2022-12-18,2.3325,13.116967,80.285188,1,2022
BEASANT NAGAR,Tamil Nadu,Chennai,CGWB,2022-12-18,1.6225001,12.998462,80.264539,1,2022
ADAYAR_1,Tamil Nadu,Chennai,CGWB,2022-12-18,2.2075,13.008908,80.262662,1,2022
WASAHERMENPET,Tamil Nadu,Chennai,CGWB,2022-12-19,2.3425,13.116967,80.285188,1,2022
BEASANT NAGAR,Tamil Nadu,Chennai,CGWB,2022-12-19,1.635,12.998462,80.264539,1,2022
ADAYAR_1,Tamil Nadu,Chennai,CGWB,2022-12-19,2.2675,13.008908,80.262662,1,2022
BEASANT NAGAR,Tamil Nadu,Chennai,CGWB,2022-12-20,1.6475,12.998462,80.264539,1,2022
ADAYAR_1,Tamil Nadu,Chennai,CGWB,2022-12-20,2.305,13.008908,80.262662,1,2022
WASAHERMENPET,Tamil Nadu,Chennai,CGWB,2022-12-20,2.3449998,13.116967,80.285188,1,2022
ADAYAR_1,Tamil Nadu,Chennai,CGWB,2022-12-21,2.3525,13.008908,80.262662,1,2022
BEASANT NAGAR,Tamil Nadu,Chennai,CGWB,2022-12-21,1.6624999,12.998462,80.264539,1,2022
WASAHERMENPET,Tamil Nadu,Chennai,CGWB,2022-12-21,2.3525,13.116967,80.285188,1,2022
BEASANT NAGAR,Tamil Nadu,Chennai,CGWB,2022-12-22,1.6675,12.998462,80.264539,1,2022
ADAYAR_1,Tamil Nadu,Chennai,CGWB,2022-12-22,2.385,13.008908,80.262662,1,2022
WASAHERMENPET,Tamil Nadu,Chennai,CGWB,2022-12-22,2.36,13.116967,80.285188,1,2022
BEASANT NAGAR,Tamil Nadu,Chennai,CGWB,2022-12-23,1.6825,12.998462,80.264539,1,2022
ADAYAR_1,Tamil Nadu,Chennai,CGWB,2022-12-23,2.4275002,13.008908,80.262662,1,2022
WASAHERMENPET,Tamil Nadu,Chennai,CGWB,2022-12-23,2.3674998,13.116967,80.285188,1,2022
ADAYAR_1,Tamil Nadu,Chennai,CGWB,2022-12-24,2.45,13.008908,80.262662,1,2022
WASAHERMENPET,Tamil Nadu,Chennai,CGWB,2022-12-24,2.3725,13.116967,80.285188,1,2022
BEASANT NAGAR,Tamil Nadu,Chennai,CGWB,2022-12-24,1.6850001,12.998462,80.264539,1,2022
WASAHERMENPET,Tamil Nadu,Chennai,CGWB,2022-12-25,2.3625,13.116967,80.285188,1,2022
BEASANT NAGAR,Tamil Nadu,Chennai,CGWB,2022-12-25,1.6500001,12.998462,80.264539,1,2022
ADAYAR_1,Tamil Nadu,Chennai,CGWB,2022-12-25,2.3925,13.008908,80.262662,1,2022
WASAHERMENPET,Tamil Nadu,Chennai,CGWB,2022-12-26,2.32,13.116967,80.285188,1,2022
BEASANT NAGAR,Tamil Nadu,Chennai,CGWB,2022-12-26,1.625,12.998462,80.264539,1,2022
ADAYAR_1,Tamil Nadu,Chennai,CGWB,2022-12-26,2.33,13.008908,80.262662,1,2022
BEASANT NAGAR,Tamil Nadu,Chennai,CGWB,2022-12-27,1.6125001,12.998462,80.264539,1,2022
ADAYAR_1,Tamil Nadu,Chennai,CGWB,2022-12-27,2.35,13.008908,80.262662,1,2022
WASAHERMENPET,Tamil Nadu,Chennai,CGWB,2022-12-27,2.2875,13.116967,80.285188,1,2022
BEASANT NAGAR,Tamil Nadu,Chennai,CGWB,2022-12-28,1.6175001,12.998462,80.264539,1,2022
ADAYAR_1,Tamil Nadu,Chennai,CGWB,2022-12-28,2.3825002,13.008908,80.262662,1,2022
WASAHERMENPET,Tamil Nadu,Chennai,CGWB,2022-12-28,2.2575,13.116967,80.285188,1,2022
WASAHERMENPET,Tamil Nadu,Chennai,CGWB,2022-12-29,2.2424998,13.116967,80.285188,1,2022
ADAYAR_1,Tamil Nadu,Chennai,CGWB,2022-12-29,2.4350002,13.008908,80.262662,1,2022
BEASANT NAGAR,Tamil Nadu,Chennai,CGWB,2022-12-29,1.63,12.998462,80.264539,1,2022
WASAHERMENPET,Tamil Nadu,Chennai,CGWB,2022-12-30,2.2350001,13.116967,80.285188,1,2022
ADAYAR_1,Tamil Nadu,Chennai,CGWB,2022-12-30,2.4625,13.008908,80.262662,1,2022
BEASANT NAGAR,Tamil Nadu,Chennai,CGWB,2022-12-30,1.6275,12.998462,80.264539,1,2022
WASAHERMENPET,Tamil Nadu,Chennai,CGWB,2022-12-31,2.2450001,13.116967,80.285188,1,2022
BEASANT NAGAR,Tamil Nadu,Chennai,CGWB,2022-12-31,1.6525,12.998462,80.264539,1,2022
ADAYAR_1,Tamil Nadu,Chennai,CGWB,2022-12-31,2.5225,13.008908,80.262662,1,2022
